CLASE DE ACCIDENTE;GRAVEDAD;VIAS;CORREGIMIENTO;DIA  SEMANA;FECHA DE OCURRECIA;HORA OCURRENCIA
CHOQUE;DAÑOS;CALI-CANDELARIA;VILLAGORGONA;VIERNES;1/01/2021;1:40:00 a. m.
CHOQUE;MUERTOS;CALI-CANDELARIA;JUANCHITO;VIERNES;1/01/2021;3:00:00 p. m.
CHOQUE;DAÑOS;CALI-CANDELARIA;JUANCHITO;DOMINGO;3/01/2021;5:08:00 p. m.
CHOQUE;DAÑOS;CALI-CANDELARIA;VILLAGORGONA;DOMINGO;3/01/2021;12:45:00 p. m.
CHOQUE;DAÑOS;CALI-CANDELARIA;EL CARMELO;DOMINGO;3/01/2021;7:00:00 a. m.
CHOQUE;HERIDOS;VILLARICA-PALMIRA;EL LAURO;LUNES;4/01/2021;11:20:00 a. m.
CHOQUE;DAÑOS;CALI-CANDELARIA;LA REGINA;MARTES;5/01/2021;8:10:00 p. m.
CHOQUE;HERIDOS;CALI-CANDELARIA;CANDELARIA;MIERCOLES;6/01/2021;2:50:00 p. m.
CHOQUE;DAÑOS;CALI-CANDELARIA;VILLAGORGONA;JUEVES;7/01/2021;3:00:00 p. m.
CHOQUE;HERIDOS;CALI-CANDELARIA;EL CARMELO;JUEVES;7/01/2021;3:50:00 p. m.
CHOQUE;HERIDOS;CALI-CANDELARIA;LA REGINA;JUEVES;7/01/2021;7:00:00 p. m.
OTRO;HERIDOS;PALMIRA-VILLA RICA;EL CABUYAL;VIERNES;8/01/2021;3:00:00 p. m.
VOLCAMIENTO;DAÑOS;PALMIRA-VILLA RICA;CANDELARIA;LUNES;11/01/2021;12:30:00 p. m.
CHOQUE;HERIDOS;VILLARICA-PALMIRA;EL LAURO;MIERCOLES;13/01/2021;5:30:00 a. m.
CHOQUE;DAÑOS;CALI-CANDELARIA;VILLAGORGONA;JUEVES;14/01/2021;12:50:00 p. m.
CHOQUE;DAÑOS;CALI-CANDELARIA;VILLAGORGONA;VIERNES;15/01/2021;1:45:00 a. m.
CHOQUE;DAÑOS;CANDELARIA;CANDELARIA;SABADO;16/01/2021;1:30:00 p. m.
CHOQUE;DAÑOS;CALI-CANDELARIA;JUANCHITO;SABADO;16/01/2021;1:13:00 p. m.
CHOQUE;HERIDOS;VILLARICA-PALMIRA;TURIN;SABADO;16/01/2021;4:20:00 a. m.
CHOQUE;DAÑOS;VILLARICA-PALMIRA;EL LAURO;SABADO;16/01/2021;5:50:00 a. m.
CHOQUE;HERIDOS;CALI-CANDELARIA;VILLAGORGONA;LUNES;18/01/2021;1:10:00 p. m.
CHOQUE;HERIDOS;CALI-CANDELARIA;JUANCHITO;MARTES;19/01/2021;8:00:00 a. m.
CHOQUE;DAÑOS;CALI-CANDELARIA;CANDELARIA;MARTES;19/01/2021;11:15:00 a. m.
CHOQUE;HERIDOS;PALMIRA-VILLA RICA;EL LAURO;MARTES;19/01/2021;10:20:00 a. m.
CHOQUE;DAÑOS;CALI-CANDELARIA;JUANCHITO;MIERCOLES;20/01/2021;6:15:00 a. m.
CHOQUE;DAÑOS;CALI-CANDELARIA;JUANCHITO;MIERCOLES;20/01/2021;5:30:00 a. m.
CHOQUE;HERIDOS;CALI-CANDELARIA;CANDELARIA;MIERCOLES;20/01/2021;1:30:00 p. m.
CHOQUE;HERIDOS;CALI-CANDELARIA;DOMINGO LARGO;JUEVES;21/01/2021;6:00:00 p. m.
VOLCAMIENTO;DAÑOS;VILLARICA-PALMIRA;CANDELARIA;SABADO;23/01/2021;6:32:00 a. m.
CHOQUE;DAÑOS;CALI-FLORIDA;LA REGINA;DOMINGO;24/01/2021;12:04:00 p. m.
CHOQUE;DAÑOS;CALI-CANDELARIA;VILLAGORGONA;DOMINGO;24/01/2021;1:50:00 p. m.
CHOQUE;DAÑOS;CALI-CANDELARIA;DOMINGO LARGO;DOMINGO;24/01/2021;2:30:00 p. m.
CHOQUE;HERIDOS;CALI-CANDELARIA;JUANCHITO;LUNES;25/01/2021;8:15:00 a. m.
CHOQUE;HERIDOS;CALI-CANDELARIA;JUANCHITO;MARTES;26/01/2021;6:00:00 a. m.
CHOQUE;DAÑOS;VILLARICA-PALMIRA;CANDELARIA;MARTES;26/01/2021;5:30:28 a. m.
CHOQUE;DAÑOS;VILLARICA-PALMIRA;EL LAURO;MARTES;26/01/2021;4:40:00 p. m.
CHOQUE;HERIDOS;CANDELARIA;EL CABUYAL;VIERNES;29/01/2021;6:10:00 a. m.
CHOQUE;HERIDOS;CALI-CANDELARIA;EL CARMELO;SABADO;30/01/2021;9:10:00 a. m.
CHOQUE;HERIDOS;CALI-CANDELARIA;JUANCHITO;SABADO;30/01/2021;1:30:00 p. m.
CHOQUE;DAÑOS;CALI-CANDELARIA;JUANCHITO;DOMINGO;31/01/2021;2:00:00 p. m.
CHOQUE;HERIDOS;CALI-FLORIDA;CANDELARIA;LUNES;1/02/2021;8:25:00 p. m.
CHOQUE;DAÑOS;CALI-CANDELARIA;VILLAGORGONA;MARTES;2/02/2021;10:20:00 a. m.
CHOQUE;HERIDOS;CALI-FLORIDA;JUANCHITO;MARTES;2/02/2021;6:30:00 p. m.
CHOQUE;HERIDOS;CALI-CANDELARIA;EL CARMELO;MIERCOLES;3/02/2021;7:00:00 a. m.
OTRO;MUERTOS;CALI-CANDELARIA;POBLADO CAMPESTRE;MIERCOLES;3/02/2021;3:30:00 p. m.
VOLCAMIENTO;HERIDOS;VILLARICA-PALMIRA;EL CABUYAL;DOMINGO;7/02/2021;12:33:00 p. m.
CHOQUE;HERIDOS;CANDELARIA;CANDELARIA;DOMINGO;7/02/2021;1:50:00 p. m.
CHOQUE;DAÑOS;CALI-FLORIDA;LA REGINA;MIERCOLES;10/02/2021;12:30:00 p. m.
CHOQUE;DAÑOS;CALI-CANDELARIA;EL CARMELO;JUEVES;11/02/2021;6:50:00 a. m.
CHOQUE;DAÑOS;CALI-CANDELARIA;JUANCHITO;LUNES;15/02/2021;6:00:00 a. m.
CHOQUE;DAÑOS;Via interna;CANDELARIA;LUNES;15/02/2021;7:00:00 a. m.
CHOQUE;DAÑOS;CALI-CANDELARIA;JUANCHITO;LUNES;15/02/2021;1:35:00 p. m.
CHOQUE;DAÑOS;CALI-CANDELARIA;DOMINGO LARGO;MARTES;16/02/2021;N/A
ATROPELLO;HERIDOS;CALI-CANDELARIA;VILLAGORGONA;MARTES;16/02/2021;11:35:00 p. m.
CHOQUE;MUERTOS;VILLARICA-PALMIRA;EL CABUYAL;MIERCOLES;17/02/2021;5:30:00 a. m.
CHOQUE;HERIDOS;CALI-CANDELARIA;JUANCHITO;MIERCOLES;17/02/2021;2:10:00 p. m.
CHOQUE;HERIDOS;CALI-CANDELARIA;EL CARMELO;MIERCOLES;17/02/2021;11:10:00 a. m.
CHOQUE;DAÑOS;CALI-CANDELARIA;JUANCHITO;MIERCOLES;17/02/2021;2:30:00 a. m.
CHOQUE;DAÑOS;CALI-CANDELARIA;EL CARMELO;VIERNES;19/02/2021;10:10:00 a. m.
CHOQUE;DAÑOS;CALI-CANDELARIA;EL CARMELO;SÁBADO;20/02/2021;N/A
CHOQUE;HERIDOS;VILLARICA-PALMIRA;EL CABUYAL;SABADO;20/02/2021;5:00:00 a. m.
CHOQUE;HERIDOS;CALI-CANDELARIA;VILLAGORGONA;DOMINGO;21/02/2021;10:10:00 p. m.
CHOQUE;HERIDOS;CALI-CANDELARIA;JUANCHITO;LUNES;22/02/2021;8:10:00 a. m.
CHOQUE;DAÑOS;CALI-CANDELARIA;POBLADO CAMPESTRE;MARTES;23/02/2021;7:20:00 a. m.
CHOQUE;HERIDOS;VILLARICA-PALMIRA;EL CABUYAL;MARTES;23/02/2021;1:25:00 p. m.
CHOQUE;HERIDOS;VILLARICA-PALMIRA;BUCHITOLO;MIERCOLES;24/02/2021;7:50:00 a. m.
CHOQUE;HERIDOS;VILLARICA-PALMIRA;EL CABUYAL;MIERCOLES;24/02/2021;5:25:00 a. m.
CHOQUE;HERIDOS;CALI-FLORIDA;JUANCHITO;JUEVES;25/02/2021;7:00:00 a. m.
CHOQUE;DAÑOS;VILLARICA-PALMIRA;CANDELARIA;SABADO;27/02/2021;2:40:00 p. m.
CHOQUE;DAÑOS;CALI-CANDELARIA;JUANCHITO;DOMINGO;28/02/2021;2:00:00 p. m.
VOLCAMIENTO;HERIDOS;CALI-CANDELARIA;VILLAGORGONA;DOMINGO;28/02/2021;8:35:00 p. m.
CHOQUE;DAÑOS;CANDELARIA;CANDELARIA;MARTES;2/03/2021;2:10:00 p. m.
CHOQUE;HERIDOS;PUERTO TEJADA-PALMIRA;CANDELARIA;MARTES;2/03/2021;4:00:00 p. m.
CHOQUE;HERIDOS;CALI-CANDELARIA;CANDELARIA;MIERCOLES;3/03/2021;3:45:00 p. m.
CHOQUE;HERIDOS;CALI-CANDELARIA;EL CARMELO;MIERCOLES;3/03/2021;9:56:00 p. m.
CHOQUE;HERIDOS;VILLARICA-PALMIRA;CANDELARIA;DOMINGO;14/03/2021;2:30:00 p. m.
CHOQUE;DAÑOS;CALI-CANDELARIA;CANDELARIA;SABADO;6/03/2021;10:40:00 a. m.
CHOQUE;MUERTOS;Via interna;CANDELARIA;SABADO;6/03/2021;11:28:00 a. m.
CHOQUE;DAÑOS;CALI-CANDELARIA;VILLAGORGONA;LUNES;8/03/2021;1:30:00 p. m.
CHOQUE;DAÑOS;CANDELARIA;CANDELARIA;MARTES;9/03/2021;4:10:00 p. m.
CHOQUE;HERIDOS;CALI-CANDELARIA;EL CARMELO;MIERCOLES;10/03/2021;9:09:00 a. m.
CHOQUE;DAÑOS;CALI-CANDELARIA;CANDELARIA;MIERCOLES;10/03/2021;9:50:00 p. m.
CHOQUE;DAÑOS;CALI-CANDELARIA;EL CARMELO;JUEVES;11/03/2021;7:50:00 p. m.
CHOQUE;HERIDOS;CALI-CANDELARIA;CANDELARIA;SABADO;13/03/2021;8:50:00 p. m.
CHOQUE;HERIDOS;CALI-CANDELARIA;CANDELARIA;DOMINGO;14/03/2021;8:03:00 p. m.
CHOQUE;DAÑOS;CALI-CANDELARIA;VILLAGORGONA;DOMINGO;14/03/2021;10:20:00 a. m.
CHOQUE;HERIDOS;CALI-CANDELARIA;POBLADO CAMPESTRE;LUNES;15/03/2021;7:03:00 a. m.
CHOQUE;DAÑOS;CALI-CANDELARIA;VILLAGORGONA;MIERCOLES;17/03/2021;11:30:00 a. m.
CHOQUE;DAÑOS;CALI-CANDELARIA;JUANCHITO;MIERCOLES;17/03/2021;7:50:00 a. m.
CHOQUE;DAÑOS;CALI-CANDELARIA;JUANCHITO;MIERCOLES;17/03/2021;7:55:00 a. m.
ATROPELLO;DAÑOS;CALI-FLORIDA;CANDELARIA;JUEVES;18/03/2021;4:10:00 a. m.
CHOQUE;HERIDOS;CALI-CANDELARIA;CANDELARIA;VIERNES;19/03/2021;12:30:00 p. m.
CHOQUE;DAÑOS;CALI-CANDELARIA;JUANCHITO;SABADO;20/03/2021;12:30:00 a. m.
CHOQUE;HERIDOS;CALI-CANDELARIA;EL CARMELO;SABADO;20/03/2021;8:15:00 a. m.
CHOQUE;DAÑOS;CALI-CANDELARIA;VILLAGORGONA;SABADO;20/03/2021;4:00:00 p. m.
CHOQUE;HERIDOS;CALI-CANDELARIA;JUANCHITO;SABADO;20/03/2021;4:05:00 p. m.
CHOQUE;DAÑOS;CALI-CANDELARIA;VILLAGORGONA;DOMINGO;21/03/2021;10:15:00 a. m.
VOLCAMIENTO;DAÑOS;VILLARICA-PALMIRA;CANDELARIA;DOMINGO;21/03/2021;3:52:00 p. m.
CHOQUE;HERIDOS;CANDELARIA;CANDELARIA;DOMINGO;21/03/2021;6:40:00 p. m.
ATROPELLO;HERIDOS;CALI-CANDELARIA;POBLADO CAMPESTRE;MARTES;23/03/2021;7:30:00 p. m.
CHOQUE;HERIDOS;CALI-CANDELARIA;JUANCHITO;JUEVES;25/03/2021;1:10:00 p. m.
CHOQUE;DAÑOS;CALI-CANDELARIA;CANDELARIA;VIERNES;26/03/2021;5:20:00 p. m.
CHOQUE;DAÑOS;CALI-CANDELARIA;CANDELARIA;SABADO;27/03/2021;7:05:00 a. m.
CHOQUE;DAÑOS;CALI-FLORIDA;CANDELARIA;LUNES;29/03/2021;7:23:00 a. m.
CHOQUE;DAÑOS;CALI-CANDELARIA;JUANCHITO;MARTES;30/03/2021;2:20:00 a. m.
CHOQUE;HERIDOS;VILLARICA-PALMIRA;EL CABUYAL;MIERCOLES;31/03/2021;7:00:00 a. m.
CHOQUE;DAÑOS;CALI-CANDELARIA;VILLAGORGONA;MIERCOLES;31/03/2021;3:30:00 p. m.
CHOQUE;HERIDOS;CALI-CANDELARIA;JUANCHITO;MIERCOLES;31/03/2021;3:00:00 p. m.
CHOQUE;HERIDOS;CALI-CANDELARIA;POBLADO CAMPESTRE;VIERNES;2/04/2021;2:20:00 p. m.
CHOQUE;DAÑOS;Via interna;VILLAGORGONA;SABADO;3/04/2021;8:30:00 a. m.
CHOQUE;DAÑOS;Via interna;VILLAGORGONA;SABADO;3/04/2021;8:46:00 p. m.
N/A;DAÑOS;CALI-CANDELARIA;JUANCHITO;LUNES;5/04/2021;6:04:00 a. m.
CHOQUE;HERIDOS;CALI-CANDELARIA;JUANCHITO;LUNES;5/04/2021;8:45:00 a. m.
CHOQUE;HERIDOS;CALI-CANDELARIA;LA REGINA;LUNES;5/04/2021;11:30:00 a. m.
CHOQUE;DAÑOS;CALI-CANDELARIA;JUANCHITO;MIERCOLES;7/04/2021;11:00:00 a. m.
CHOQUE;HERIDOS;CALI-CANDELARIA;VILLAGORGONA;MARTES;6/04/2021;12:40:00 p. m.
CHOQUE;HERIDOS;VILLARICA-PALMIRA;EL LAURO;VIERNES;9/04/2021;12:10:00 p. m.
CHOQUE;DAÑOS;VILLARICA-PALMIRA;EL CABUYAL;SABADO;10/04/2021;2:00:00 p. m.
ATROPELLO;HERIDOS;CALI-CANDELARIA;CANDELARIA;SABADO;10/04/2021;9:00:00 a. m.
CHOQUE;HERIDOS;CALI-CANDELARIA;JUANCHITO;DOMINGO;11/04/2021;9:30:00 a. m.
CHOQUE;HERIDOS;CANDELARIA;EL LAURO;DOMINGO;11/04/2021;4:00:00 p. m.
VOLCAMIENTO;HERIDOS;CALI-CANDELARIA;CANDELARIA;DOMINGO;11/04/2021;9:20:00 p. m.
CHOQUE;HERIDOS;CALI-CANDELARIA;JUANCHITO;DOMINGO;11/04/2021;9:20:00 p. m.
CHOQUE;DAÑOS;CALI-CANDELARIA;JUANCHITO;DOMINGO;11/04/2021;9:40:00 p. m.
CHOQUE;HERIDOS;VILLARICA-PALMIRA;EL ARENAL;LUNES;12/04/2021;1:20:00 p. m.
CHOQUE;HERIDOS;CALI-CANDELARIA;EL TIPLE;LUNES;12/04/2021;7:00:00 p. m.
CHOQUE;HERIDOS;CALI-CANDELARIA;CANDELARIA;MARTES;13/04/2021;8:20:00 p. m.
CHOQUE;HERIDOS;CALI-CANDELARIA;POBLADO CAMPESTRE;MARTES;13/04/2021;10:10:00 p. m.
CHOQUE;DAÑOS;CANDELARIA;CANDELARIA;MIERCOLES;14/04/2021;2:00:00 p. m.
ATROPELLO;HERIDOS;VILLARICA-PALMIRA;CANDELARIA;MIERCOLES;14/04/2021;3:20:00 p. m.
CHOQUE;HERIDOS;CANDELARIA;SAN JOAQUIN;JUEVES;15/04/2021;6:50:00 a. m.
ATROPELLO;HERIDOS;CALI-CANDELARIA;EL CARMELO;JUEVES;15/04/2021;7:40:00 a. m.
ATROPELLO;HERIDOS;CALI-CANDELARIA;JUANCHITO;JUEVES;15/04/2021;9:40:00 p. m.
CHOQUE;HERIDOS;CALI-CANDELARIA;EL CARMELO;SABADO;17/04/2021;1:10:00 p. m.
CHOQUE;HERIDOS;CANDELARIA;EL CABUYAL;DOMINGO;18/04/2021;12:50:00 p. m.
CHOQUE;DAÑOS;CALI-FLORIDA;LA REGINA;LUNES;19/04/2021;9:40:00 a. m.
CHOQUE;DAÑOS;VILLARICA-PALMIRA;CANDELARIA;LUNES;19/04/2021;2:30:00 p. m.
CHOQUE;DAÑOS;CANDELARIA;CANDELARIA;MARTES;20/04/2021;7:20:00 p. m.
CHOQUE;HERIDOS;CALI-CANDELARIA;JUANCHITO;MARTES;20/04/2021;5:00:00 p. m.
CHOQUE;HERIDOS;VILLARICA-PALMIRA;EL CABUYAL;MIERCOLES;21/04/2021;4:10:00 p. m.
CHOQUE;DAÑOS;CALI-CANDELARIA;JUANCHITO;JUEVES;22/04/2021;6:30:00 a. m.
CHOQUE;HERIDOS;CALI-CANDELARIA;JUANCHITO;MARTES;27/04/2021;7:10:00 a. m.
CHOQUE;DAÑOS;CANDELARIA;SAN JOAQUIN;VIERNES;23/04/2021;10:20:00 a. m.
CHOQUE;HERIDOS;CALI-FLORIDA;EL CARMELO;DOMINGO;25/04/2021;9:00:00 a. m.
CHOQUE;HERIDOS;CALI-CANDELARIA;JUANCHITO;DOMINGO;25/04/2021;5:40:00 p. m.
CHOQUE;DAÑOS;VILLARICA-PALMIRA;CANDELARIA;MARTES;27/04/2021;4:00:00 p. m.
CHOQUE;DAÑOS;CALI-CANDELARIA;JUANCHITO;MARTES;27/04/2021;7:15:00 p. m.
CHOQUE;MUERTOS;VILLARICA-PALMIRA;EL CABUYAL;MIERCOLES;12/05/2021;9:00:00 p. m.
CHOQUE;HERIDOS;CALI-CANDELARIA;CANDELARIA;VIERNES;14/05/2021;2:45:00 p. m.
CHOQUE;MUERTOS;CALI-CANDELARIA;VILLAGORGONA;VIERNES;14/05/2021;2:05:00 p. m.
CHOQUE;DAÑOS;CALI-CANDELARIA;JUANCHITO;DOMINGO;16/05/2021;10:20:00 p. m.
CHOQUE;HERIDOS;CALI-CANDELARIA;CANDELARIA;VIERNES;21/05/2021;3:30:00 p. m.
ATROPELLO;HERIDOS;VILLARICA-PALMIRA;CANDELARIA;DOMINGO;23/05/2021;8:20:00 p. m.
CHOQUE;HERIDOS;CANDELARIA;VILLAGORGONA;MIERCOLES;26/05/2021;3:47:00 p. m.
CHOQUE;DAÑOS;CALI-CANDELARIA;JUANCHITO;SABADO;29/05/2021;6:10:00 a. m.
CHOQUE;HERIDOS;VILLARICA-PALMIRA;EL LAURO;DOMINGO;30/05/2021;1:20:00 p. m.
CHOQUE;HERIDOS;CALI-CANDELARIA;VILLAGORGONA;MARTES;1/06/2021;7:40:00 a. m.
CHOQUE;HERIDOS;CALI-CANDELARIA;VILLAGORGONA;JUEVES;3/06/2021;11:40:00 a. m.
VOLCAMIENTO;MUERTOS;CALI-FLORIDA;LA REGINA;VIERNES;4/06/2021;4:00:00 p. m.
CHOQUE;HERIDOS;CALI-CANDELARIA;JUANCHITO;SABADO;5/06/2021;10:20:00 a. m.
CHOQUE;HERIDOS;CALI-CANDELARIA;VILLAGORGONA;LUNES;7/06/2021;9:20:00 p. m.
CHOQUE;DAÑOS;CALI-CANDELARIA;VILLAGORGONA;JUEVES;10/06/2021;1:35:00 p. m.
CHOQUE;HERIDOS;CANDELARIA;CANDELARIA;JUEVES;10/06/2021;5:15:00 p. m.
CHOQUE;DAÑOS;VILLARICA-PALMIRA;EL CABUYAL;VIERNES;11/06/2021;6:58:00 a. m.
ATROPELLO;MUERTOS;VILLARICA-PALMIRA;EL CABUYAL;SABADO;12/06/2021;9:57:00 a. m.
CHOQUE;HERIDOS;CALI-FLORIDA;LA REGINA;MARTES;15/06/2021;7:10:00 p. m.
CHOQUE;DAÑOS;CALI-CANDELARIA;JUANCHITO;MARTES;15/06/2021;5:32:00 a. m.
CHOQUE;DAÑOS;VILLARICA-PALMIRA;EL CABUYAL;JUEVES;17/06/2021;9:23:00 a. m.
CHOQUE;DAÑOS;CANDELARIA;EL CABUYAL;VIERNES;18/06/2021;2:15:00 p. m.
ATROPELLO;HERIDOS;CALI-CANDELARIA;VILLAGORGONA;LUNES;21/06/2021;7:00:00 a. m.
CHOQUE;DAÑOS;CALI-CANDELARIA;JUANCHITO;VIERNES;25/06/2021;12:00:00 a. m.
CHOQUE;DAÑOS;VILLARICA-PALMIRA;EL LAURO;JUEVES;24/06/2021;7:30:00 a. m.
CHOQUE;DAÑOS;CALI-CANDELARIA;VILLAGORGONA;JUEVES;24/06/2021;9:50:00 p. m.
CHOQUE;DAÑOS;CALI-CANDELARIA;VILLAGORGONA;VIERNES;25/06/2021;3:10:00 p. m.
CHOQUE;DAÑOS;CALI-CANDELARIA;POBLADO CAMPESTRE;SABADO;26/06/2021;6:00:00 p. m.
CHOQUE;DAÑOS;CANDELARIA;CANDELARIA;SABADO;26/06/2021;4:00:00 p. m.
CHOQUE;HERIDOS;CALI-CANDELARIA;JUANCHITO;LUNES;28/06/2021;6:09:00 a. m.
CHOQUE;DAÑOS;VILLARICA-PALMIRA;CANDELARIA;MIERCOLES;30/06/2021;6:20:00 a. m.
CHOQUE;DAÑOS;VILLARICA-PALMIRA;CANDELARIA;MIERCOLES;30/06/2021;12:30:00 p. m.
CHOQUE;DAÑOS;CANDELARIA;CANDELARIA;JUEVES;1/07/2021;9:37:00 a. m.
ATROPELLO;HERIDOS;CANDELARIA;CANDELARIA;VIERNES;2/07/2021;9:25:00 a. m.
CHOQUE;DAÑOS;CANDELARIA;CANDELARIA;VIERNES;2/07/2021;8:40:00 a. m.
CHOQUE;HERIDOS;CANDELARIA;SAN JOAQUIN;SABADO;3/07/2021;6:30:00 a. m.
CHOQUE;HERIDOS;CALI-FLORIDA;CANDELARIA;SABADO;3/07/2021;6:46:00 a. m.
CHOQUE;MUERTOS;VILLARICA-PALMIRA;EL CABUYAL;SABADO;3/07/2021;7:30:00 p. m.
CHOQUE;DAÑOS;CALI-CANDELARIA;JUANCHITO;SABADO;3/07/2021;10:50:00 p. m.
ATROPELLO;HERIDOS;CALI-CANDELARIA;JUANCHITO;MARTES;6/07/2021;12:50:00 p. m.
CHOQUE;DAÑOS;CALI-CANDELARIA;EL CARMELO;MIERCOLES;7/07/2021;4:00:00 p. m.
VOLCAMIENTO;HERIDOS;CALI-CANDELARIA;JUANCHITO;JUEVES;8/07/2021;6:20:00 a. m.
CHOQUE;DAÑOS;CALI-CANDELARIA;CANDELARIA;VIERNES;9/07/2021;12:30:00 p. m.
CHOQUE;DAÑOS;CALI-CANDELARIA;SAN JOAQUIN;DOMINGO;11/07/2021;2:50:00 p. m.
CHOQUE;DAÑOS;CALI-CANDELARIA;POBLADO CAMPESTRE;DOMINGO;11/07/2021;10:30:00 a. m.
CHOQUE;HERIDOS;CALI-CANDELARIA;EL CARMELO;LUNES;12/07/2021;12:10:00 p. m.
CHOQUE;DAÑOS;CALI-CANDELARIA;JUANCHITO;MIERCOLES;14/07/2021;7:50:00 a. m.
CHOQUE;DAÑOS;CANDELARIA;CANDELARIA;JUEVES;15/07/2021;3:50:00 p. m.
CHOQUE;DAÑOS;CALI-CANDELARIA;POBLADO CAMPESTRE;DOMINGO;18/07/2021;7:40:00 p. m.
CHOQUE;DAÑOS;CANDELARIA;CANDELARIA;DOMINGO;18/07/2021;N/A
CHOQUE;HERIDOS;VILLARICA-PALMIRA;EL CABUYAL;LUNES;19/07/2021;5:45:00 p. m.
VOLCAMIENTO;HERIDOS;CALI-FLORIDA;CANDELARIA;LUNES;19/07/2021;7:20:00 p. m.
CHOQUE;HERIDOS;Via interna;POBLADO CAMPESTRE;MARTES;20/07/2021;11:30:00 a. m.
CHOQUE;DAÑOS;CALI-CANDELARIA;JUANCHITO;MIERCOLES;21/07/2021;3:10:00 p. m.
CHOQUE;DAÑOS;CALI-CANDELARIA;JUANCHITO;JUEVES;22/07/2021;5:10:00 p. m.
CHOQUE;DAÑOS;CALI-CANDELARIA;JUANCHITO;VIERNES;23/07/2021;7:40:00 p. m.
ATROPELLO;HERIDOS;CALI-FLORIDA;CANDELARIA;VIERNES;23/07/2021;2:50:00 p. m.
CHOQUE;DAÑOS;PALMIRA-VILLA RICA;CANDELARIA;DOMINGO;25/07/2021;N/A
CHOQUE;DAÑOS;CANDELARIA;CANDELARIA;LUNES;26/07/2021;4:00:00 p. m.
CHOQUE;DAÑOS;CALI-CANDELARIA;JUANCHITO;LUNES;26/07/2021;3:00:00 p. m.
CHOQUE;DAÑOS;CALI-CANDELARIA;JUANCHITO;LUNES;26/07/2021;5:15:00 p. m.
CHOQUE;HERIDOS;CALI-CANDELARIA;VILLAGORGONA;MIERCOLES;28/07/2021;1:55:00 p. m.
CHOQUE;DAÑOS;CALI-CANDELARIA;JUANCHITO;JUEVES;29/07/2021;7:55:00 a. m.
CHOQUE;HERIDOS;CALI-CANDELARIA;JUANCHITO;VIERNES;30/07/2021;7:07:00 a. m.
CHOQUE;HERIDOS;CALI-CANDELARIA;JUANCHITO;SABADO;31/07/2021;9:10:00 p. m.
CHOQUE;DAÑOS;CALI-CANDELARIA;JUANCHITO;DOMINGO;1/08/2021;12:10:00 p. m.
CHOQUE;DAÑOS;CANDELARIA;CANDELARIA;MIERCOLES;4/08/2021;8:20:00 a. m.
CHOQUE;DAÑOS;CALI-CANDELARIA;VILLAGORGONA;MIERCOLES;4/08/2021;11:00:00 a. m.
CHOQUE;DAÑOS;CANDELARIA-FLORIDA;CANDELARIA;VIERNES;6/08/2021;10:00:00 a. m.
CHOQUE;HERIDOS;VILLARICA-PALMIRA;EL LAURO;VIERNES;6/08/2021;1:40:00 p. m.
VOLCAMIENTO;DAÑOS;VILLARICA-PALMIRA;CANDELARIA;VIERNES;6/08/2021;2:40:00 p. m.
CHOQUE;MUERTOS;VILLARICA-PALMIRA;EL ARENAL;DOMINGO;8/08/2021;12:30:00 p. m.
CHOQUE;DAÑOS;VILLARICA-PALMIRA;EL LAURO;DOMINGO;8/08/2021;9:20:00 p. m.
CHOQUE;HERIDOS;CALI-CANDELARIA;JUANCHITO;DOMINGO;8/08/2021;5:20:00 p. m.
CHOQUE;DAÑOS;CALI-CANDELARIA;JUANCHITO;LUNES;9/08/2021;5:50:00 a. m.
CHOQUE;HERIDOS;CALI-CANDELARIA;JUANCHITO;LUNES;9/08/2021;7:30:00 a. m.
CHOQUE;HERIDOS;CALI-FLORIDA;CANDELARIA;MARTES;10/08/2021;5:50:00 a. m.
CHOQUE;HERIDOS;CALI-FLORIDA;CANDELARIA;MARTES;10/08/2021;4:00:00 p. m.
ATROPELLO;HERIDOS;CANDELARIA;EL CABUYAL;MIERCOLES;11/08/2021;10:40:00 p. m.
CHOQUE;DAÑOS;CALI-CANDELARIA;EL CARMELO;JUEVES;12/08/2021;9:10:00 a. m.
CHOQUE;DAÑOS;CALI-CANDELARIA;JUANCHITO;VIERNES;13/08/2021;6:05:00 a. m.
CHOQUE;DAÑOS;VILLARICA-PALMIRA;CANDELARIA;MARTES;17/08/2021;6:20:00 p. m.
CHOQUE;DAÑOS;VILLARICA-PALMIRA;CANDELARIA;JUEVES;19/08/2021;5:30:00 p. m.
CHOQUE;HERIDOS;CANDELARIA-CALI;VILLAGORGONA;VIERNES;20/08/2021;N/A
CHOQUE;DAÑOS;CALI-CANDELARIA;JUANCHITO;SABADO;21/08/2021;3:50:00 a. m.
CHOQUE;DAÑOS;CALI-CANDELARIA;JUANCHITO;DOMINGO;22/08/2021;9:10:00 a. m.
CHOQUE;HERIDOS;VILLARICA-PALMIRA;CANDELARIA;LUNES;23/08/2021;8:15:00 a. m.
CHOQUE;DAÑOS;CALI-CANDELARIA;JUANCHITO;MIÉRCOLES;25/08/2021;N/A
CHOQUE;DAÑOS;VILLARICA-PALMIRA;CANDELARIA;MIERCOLES;25/08/2021;5:30:00 p. m.
CHOQUE;DAÑOS;CALI-CANDELARIA;JUANCHITO;MIERCOLES;25/08/2021;6:20:00 p. m.
CHOQUE;DAÑOS;VILLARICA-PALMIRA;CANDELARIA;JUEVES;26/08/2021;N/A
CHOQUE;HERIDOS;CALI-CANDELARIA;JUANCHITO;JUEVES;26/08/2021;7:00:00 p. m.
CHOQUE;HERIDOS;CALI-CANDELARIA;EL CARMELO;JUEVES;26/08/2021;10:45:00 a. m.
CHOQUE;MUERTOS;CALI-CANDELARIA;EL CARMELO;VIERNES;27/08/2021;7:20:00 p. m.
CHOQUE;DAÑOS;CALI-CANDELARIA;CANDELARIA;SABADO;28/08/2021;6:30:00 a. m.
CHOQUE;DAÑOS;CANDELARIA;CANDELARIA;LUNES;30/08/2021;10:40:00 a. m.
OTRO;DAÑOS;CALI-CANDELARIA;JUANCHITO;MIERCOLES;1/09/2021;4:30:00 p. m.
CHOQUE;HERIDOS;CALI-FLORIDA;CANDELARIA;JUEVES;2/09/2021;9:10:00 a. m.
CHOQUE;HERIDOS;CALI-CANDELARIA;POBLADO CAMPESTRE;VIERNES;3/09/2021;10:10:00 p. m.
ATROPELLO;HERIDOS;CALI-CANDELARIA;VILLAGORGONA;DOMINGO;5/09/2021;5:45:00 p. m.
CHOQUE;DAÑOS;CALI-CANDELARIA;JUANCHITO;LUNES;6/09/2021;8:45:00 a. m.
VOLCAMIENTO;HERIDOS;CALI-CANDELARIA;JUANCHITO;LUNES;6/09/2021;5:42:00 a. m.
CHOQUE;DAÑOS;CALI-CANDELARIA;JUANCHITO;MARTES;7/09/2021;10:30:00 a. m.
CHOQUE;HERIDOS;CALI-FLORIDA;LA REGINA;LUNES;6/09/2021;11:30:00 a. m.
CHOQUE;HERIDOS;VILLARICA-PALMIRA;EL CABUYAL;MARTES;7/09/2021;1:00:00 p. m.
CHOQUE;DAÑOS;VILLARICA-PALMIRA;EL CABUYAL;MARTES;7/09/2021;N/A
CHOQUE;DAÑOS;VILLARICA-PALMIRA;CANDELARIA;MIÉRCOLES;8/09/2021;N/A
CHOQUE;DAÑOS;CALI-CANDELARIA;POBLADO CAMPESTRE;JUEVES;9/09/2021;6:00:00 p. m.
CHOQUE;DAÑOS;VILLARICA-PALMIRA;EL LAURO;VIERNES;10/09/2021;5:10:00 p. m.
CHOQUE;DAÑOS;CALI-CANDELARIA;VILLAGORGONA;VIERNES;10/09/2021;7:00:00 p. m.
CHOQUE;HERIDOS;CALI-CANDELARIA;JUANCHITO;SABADO;11/09/2021;11:40:00 a. m.
CHOQUE;HERIDOS;CALI-CANDELARIA;JUANCHITO;DOMINGO;12/09/2021;11:37:00 a. m.
CHOQUE;HERIDOS;CALI-CANDELARIA;JUANCHITO;LUNES;13/09/2021;5:30:00 a. m.
CHOQUE;DAÑOS;VILLARICA-PALMIRA;EL LAURO;MARTES;14/09/2021;5:15:00 p. m.
CHOQUE;DAÑOS;VILLARICA-PALMIRA;EL CABUYAL;MIERCOLES;15/09/2021;9:20:00 a. m.
VOLCAMIENTO;DAÑOS;CALI-CANDELARIA;VILLAGORGONA;MIERCOLES;15/09/2021;8:52:00 p. m.
CHOQUE;DAÑOS;VILLARICA-PALMIRA;CANDELARIA;SABADO;18/09/2021;11:30:00 a. m.
CHOQUE;HERIDOS;CALI-CANDELARIA;JUANCHITO;LUNES;20/09/2021;4:40:00 a. m.
VOLCAMIENTO;HERIDOS;CALI-CANDELARIA;JUANCHITO;LUNES;20/09/2021;5:40:00 a. m.
CHOQUE;DAÑOS;CANDELARIA;CANDELARIA;LUNES;20/09/2021;3:00:00 p. m.
CHOQUE;HERIDOS;CANDELARIA;CANDELARIA;VIERNES;24/09/2021;10:20:00 a. m.
CHOQUE;DAÑOS;CALI-CANDELARIA;EL CARMELO;LUNES;27/09/2021;2:00:00 p. m.
CHOQUE;DAÑOS;VILLARICA-PALMIRA;CANDELARIA;MARTES;28/09/2021;1:00:00 p. m.
CHOQUE;DAÑOS;Via interna;POBLADO CAMPESTRE;MARTES;28/09/2021;8:10:00 a. m.
CHOQUE;DAÑOS;VILLARICA-PALMIRA;EL LAURO;MARTES;28/09/2021;7:24:00 a. m.
CHOQUE;DAÑOS;CALI-CANDELARIA;JUANCHITO;MIERCOLES;29/09/2021;4:20:00 p. m.
CHOQUE;HERIDOS;CALI-CANDELARIA;JUANCHITO;MIERCOLES;29/09/2021;10:20:00 a. m.
CHOQUE;HERIDOS;CALI-CANDELARIA;JUANCHITO;MIERCOLES;29/09/2021;5:30:00 a. m.
CHOQUE;DAÑOS;CALI-CANDELARIA;JUANCHITO;JUEVES;30/09/2021;5:20:00 p. m.
VOLCAMIENTO;HERIDOS;CALI-CANDELARIA;JUANCHITO;JUEVES;30/09/2021;6:30:00 a. m.
CHOQUE;DAÑOS;Via interna;EL CARMELO;VIERNES;1/10/2021;9:10:00 a. m.
CHOQUE;HERIDOS;CALI-CANDELARIA;VILLAGORGONA;DOMINGO;3/10/2021;3:13:00 a. m.
VOLCAMIENTO;HERIDOS;CALI-CANDELARIA;JUANCHITO;DOMINGO;3/10/2021;4:50:00 p. m.
CHOQUE;DAÑOS;CALI-CANDELARIA;POBLADO CAMPESTRE;MARTES;5/10/2021;1:10:00 p. m.
CHOQUE;DAÑOS;CALI-FLORIDA;LA REGINA;MIERCOLES;6/10/2021;6:50:00 p. m.
CHOQUE;DAÑOS;CALI-FLORIDA;LA REGINA;MIERCOLES;6/10/2021;7:30:00 p. m.
CHOQUE;MUERTOS;VILLARICA-PALMIRA;EL CABUYAL;JUEVES;7/10/2021;5:30:00 a. m.
CHOQUE;HERIDOS;CALI-FLORIDA;LA REGINA;VIERNES;8/10/2021;6:30:00 a. m.
CHOQUE;DAÑOS;CANDELARIA;CANDELARIA;SABADO;9/10/2021;9:40:00 p. m.
CHOQUE;HERIDOS;CANDELARIA-CALI;VILLAGORGONA;DOMINGO;10/10/2021;5:25:00 a. m.
CHOQUE;MUERTOS;CALI-CANDELARIA;EL CARMELO;LUNES;11/10/2021;6:20:00 a. m.
CHOQUE;DAÑOS;CALI-CANDELARIA;JUANCHITO;LUNES;11/10/2021;3:00:00 p. m.
CHOQUE;DAÑOS;CALI-FLORIDA;LA REGINA;MARTES;12/10/2021;11:50:00 a. m.
CHOQUE;DAÑOS;CALI-CANDELARIA;JUANCHITO;JUEVES;14/10/2021;7:00:00 p. m.
CHOQUE;DAÑOS;CALI-CANDELARIA;CANDELARIA;DOMINGO;17/10/2021;7:30:00 a. m.
CHOQUE;HERIDOS;CANDELARIA;EL CABUYAL;DOMINGO;17/10/2021;9:30:00 p. m.
CHOQUE;DAÑOS;CALI-CANDELARIA;JUANCHITO;MARTES;19/10/2021;10:30:00 a. m.
CHOQUE;HERIDOS;CALI-CANDELARIA;JUANCHITO;MIERCOLES;20/10/2021;6:40:00 a. m.
CHOQUE;HERIDOS;CALI-CANDELARIA;JUANCHITO;JUEVES;21/10/2021;6:30:00 a. m.
CHOQUE;HERIDOS;CALI-CANDELARIA;JUANCHITO;VIERNES;22/10/2021;4:20:00 p. m.
CHOQUE;DAÑOS;VILLARICA-PALMIRA;EL LAURO;VIERNES;22/10/2021;5:00:00 p. m.
CHOQUE;HERIDOS;CALI-CANDELARIA;JUANCHITO;SABADO;23/10/2021;1:25:00 a. m.
CHOQUE;HERIDOS;CALI-FLORIDA;LA REGINA;SABADO;23/10/2021;6:41:00 p. m.
CHOQUE;HERIDOS;VILLARICA-PALMIRA;RIO EL TRIUNFO;DOMINGO;24/10/2021;10:00:00 p. m.
CHOQUE;HERIDOS;CALI-CANDELARIA;JUANCHITO;DOMINGO;24/10/2021;5:40:00 a. m.
CHOQUE;DAÑOS;CANDELARIA;CANDELARIA;MARTES;26/10/2021;2:00:00 p. m.
CHOQUE;DAÑOS;CALI-CANDELARIA;JUANCHITO;MARTES;26/10/2021;7:00:00 p. m.
CHOQUE;DAÑOS;CALI-CANDELARIA;JUANCHITO;MARTES;26/10/2021;7:59:00 p. m.
VOLCAMIENTO;HERIDOS;CANDELARIA;EL CARMELO;JUEVES;28/10/2021;9:44:00 a. m.
CHOQUE;HERIDOS;CANDELARIA-CALI;DOMINGO LARGO;JUEVES;28/10/2021;10:15:00 a. m.
CHOQUE;DAÑOS;VILLAGORGONA - PALMIRA;CANDELARIA;JUEVES;28/10/2021;1:00:00 p. m.
CHOQUE;HERIDOS;CALI-CANDELARIA;EL CARMELO;VIERNES;29/10/2021;2:00:00 p. m.
N/A;DAÑOS;PALMIRA-VILLA RICA;CANDELARIA;SABADO;30/10/2021;2:00:00 p. m.
CHOQUE;HERIDOS;CANDELARIA-CALI;POBLADO CAMPESTRE;SABADO;30/10/2021;10:00:00 a. m.
CHOQUE;MUERTOS;CALI-CANDELARIA;EL CARMELO;LUNES;1/11/2021;11:59:00 a. m.
ATROPELLO;HERIDOS;CALI-CANDELARIA;CANDELARIA;MIERCOLES;3/11/2021;5:15:00 p. m.
CHOQUE;DAÑOS;CALI-CANDELARIA;POBLADO CAMPESTRE;MIERCOLES;3/11/2021;6:00:00 p. m.
CHOQUE;HERIDOS;PUERTO TEJADA-PALMIRA;EL ARENAL;VIERNES;5/11/2021;12:15:00 p. m.
CHOQUE;DAÑOS;CALI-CANDELARIA;POBLADO CAMPESTRE;SABADO;6/11/2021;9:40:00 p. m.
ATROPELLO;HERIDOS;CALI-CANDELARIA;JUANCHITO;DOMINGO;7/11/2021;3:13:00 a. m.
CHOQUE;HERIDOS;CALI-CANDELARIA;EL LAURO;LUNES;8/11/2021;10:15:00 a. m.
CHOQUE;DAÑOS;CALI-CANDELARIA;CANDELARIA;LUNES;8/11/2021;10:15:00 a. m.
CHOQUE;MUERTOS;CANDELARIA-CALI;CANDELARIA;LUNES;8/11/2021;6:00:00 a. m.
CHOQUE;DAÑOS;VILLARICA-PALMIRA;CANDELARIA;LUNES;8/11/2021;N/A
CHOQUE;DAÑOS;CALI-CANDELARIA;JUANCHITO;MARTES;9/11/2021;6:20:00 p. m.
VOLCAMIENTO;DAÑOS;PUERTO TEJADA - PALMIRA;EL CABUYAL;MARTES;9/11/2021;4:00:00 p. m.
CHOQUE;DAÑOS;CALI-CANDELARIA;VILLAGORGONA;MIERCOLES;10/11/2021;7:20:00 p. m.
CHOQUE;DAÑOS;VILLARICA-PALMIRA;EL LAURO;MIERCOLES;10/11/2021;2:20:00 p. m.
CHOQUE;DAÑOS;VILLARICA-PALMIRA;EL CABUYAL;JUEVES;11/11/2021;9:23:00 a. m.
VOLCAMIENTO;DAÑOS;VILLARICA-PALMIRA;RIO EL TRIUNFO;DOMINGO;14/11/2021;9:30:00 p. m.
CHOQUE;HERIDOS;CANDELARIA-PALMIRA;RIO EL TRIUNFO;DOMINGO;14/11/2021;5:45:00 p. m.
CHOQUE;HERIDOS;CALI-CANDELARIA;VILLAGORGONA;DOMINGO;14/11/2021;5:40:00 a. m.
CHOQUE;HERIDOS;CALI-CANDELARIA;VILLAGORGONA;LUNES;15/11/2021;12:10:00 p. m.
CHOQUE;DAÑOS;CALI-CANDELARIA;JUANCHITO;LUNES;15/11/2021;3:00:00 p. m.
ATROPELLO;HERIDOS;CALI-CANDELARIA;VILLAGORGONA;LUNES;15/11/2021;8:00:00 a. m.
ATROPELLO;HERIDOS;CALI-CANDELARIA;JUANCHITO;MARTES;16/11/2021;10:30:00 a. m.
CHOQUE;DAÑOS;CALI-CANDELARIA;EL LAURO;JUEVES;18/11/2021;1:35:00 p. m.
CHOQUE;DAÑOS;CALI-CANDELARIA;JUANCHITO;JUEVES;18/11/2021;1:00:00 p. m.
CHOQUE;DAÑOS;CANDELARIA;CANDELARIA;JUEVES;18/11/2021;10:15:00 a. m.
CHOQUE;DAÑOS;CALI-CANDELARIA;CANDELARIA;VIERNES;19/11/2021;2:00:00 p. m.
CHOQUE;HERIDOS;CALI-CANDELARIA;DOMINGO LARGO;MARTES;23/11/2021;11:38:00 a. m.
CHOQUE;DAÑOS;CALI-CANDELARIA;CANDELARIA;LUNES;22/11/2021;5:30:00 a. m.
CHOQUE;DAÑOS;VILLARICA-PALMIRA;EL LAURO;MIERCOLES;24/11/2021;5:15:00 p. m.
CHOQUE;DAÑOS;VILLARICA-PALMIRA;CANDELARIA;MIÉRCOLES;24/11/2021;N/A
CHOQUE;DAÑOS;CALI-CANDELARIA;VILLAGORGONA;VIERNES;26/11/2021;10:00:00 a. m.
CHOQUE;DAÑOS;CALI-CANDELARIA;JUANCHITO;SABADO;27/11/2021;2:00:00 p. m.
CHOQUE;DAÑOS;CALI-CANDELARIA;JUANCHITO;DOMINGO;28/11/2021;7:30:00 a. m.
CHOQUE;DAÑOS;CALI-CANDELARIA;CANDELARIA;LUNES;29/11/2021;10:15:00 a. m.
CHOQUE;DAÑOS;CALI-CANDELARIA;JUANCHITO;LUNES;29/11/2021;3:00:00 p. m.
CHOQUE;HERIDOS;CANDELARIA;CANDELARIA;JUEVES;2/12/2021;11:15:00 a. m.
CHOQUE;DAÑOS;CALI-CANDELARIA;CANDELARIA;VIERNES;3/12/2021;9:10:00 a. m.
CHOQUE;HERIDOS;CANDELARIA;LA VICTORIA;VIERNES;3/12/2021;2:00:00 p. m.
CHOQUE;DAÑOS;CALI-CANDELARIA;VILLAGORGONA;VIERNES;3/12/2021;9:10:00 a. m.
CHOQUE;HERIDOS;CALI-CANDELARIA;LA VICTORIA;SABADO;4/12/2021;12:10:00 p. m.
CHOQUE;HERIDOS;CALI-CANDELARIA;DOMINGO LARGO;SABADO;4/12/2021;9:00:00 a. m.
CHOQUE;DAÑOS;CALI-CANDELARIA;VILLAGORGONA;MARTES;7/12/2021;1:10:00 p. m.
CHOQUE;DAÑOS;CALI-CANDELARIA;POBLADO CAMPESTRE;MARTES;7/12/2021;2:00:00 p. m.
VOLCAMIENTO;HERIDOS;CALI-CANDELARIA;VILLAGORGONA;MIERCOLES;8/12/2021;6:00:00 p. m.
CHOQUE;DAÑOS;CALI-CANDELARIA;LA NUBIA;JUEVES;9/12/2021;7:00:00 p. m.
CHOQUE;DAÑOS;CALI-CANDELARIA;VILLAGORGONA;VIERNES;10/12/2021;4:20:00 p. m.
CHOQUE;DAÑOS;CALI-CANDELARIA;JUANCHITO;VIERNES;10/12/2021;2:00:00 p. m.
CHOQUE;DAÑOS;CALI-CANDELARIA;JUANCHITO;DOMINGO;12/12/2021;7:30:00 a. m.
CHOQUE;DAÑOS;CALI-CANDELARIA;VILLAGORGONA;MARTES;14/12/2021;5:15:00 p. m.
CHOQUE;DAÑOS;CALI-CANDELARIA;JUANCHITO;MARTES;14/12/2021;1:10:00 p. m.
CHOQUE;HERIDOS;PUERTO TEJADA-PALMIRA;CANDELARIA;MARTES;14/12/2021;10:00:00 a. m.
CHOQUE;DAÑOS;CALI-CANDELARIA;JUANCHITO;MIERCOLES;15/12/2021;6:20:00 a. m.
CHOQUE;DAÑOS;CALI-CANDELARIA;CANDELARIA;MIERCOLES;15/12/2021;12:30:00 p. m.
CHOQUE;DAÑOS;CALI-CANDELARIA;VILLAGORGONA;MIERCOLES;15/12/2021;2:00:00 p. m.
ATROPELLO;HERIDOS;CALI-CANDELARIA;EL CARMELO;MIERCOLES;15/12/2021;5:15:00 p. m.
CHOQUE;HERIDOS;CALI-CANDELARIA;EL CARMELO;JUEVES;16/12/2021;1:00:00 p. m.
CHOQUE;HERIDOS;CALI-CANDELARIA;VILLAGORGONA;VIERNES;17/12/2021;3:00:00 p. m.
CHOQUE;HERIDOS;PUERTO TEJADA-PALMIRA;CANDELARIA;SABADO;18/12/2021;7:00:00 a. m.
CHOQUE;HERIDOS;PUERTO TEJADA-PALMIRA;EL CABUYAL;DOMINGO;19/12/2021;3:13:00 a. m.
CHOQUE;DAÑOS;CALI-CANDELARIA;VILLAGORGONA;MIERCOLES;22/12/2021;7:30:00 p. m.
CHOQUE;MUERTOS;CALI-FLORIDA;LA REGINA;MIERCOLES;22/12/2021;9:06:00 a. m.
VOLCAMIENTO;DAÑOS;CANDELARIA;EL LAURO;JUEVES;23/12/2021;9:00:00 a. m.
CHOQUE;DAÑOS;CALI-CANDELARIA;CANDELARIA;VIERNES;24/12/2021;9:10:00 a. m.
CHOQUE;HERIDOS;CALI-CANDELARIA;CANDELARIA;VIERNES;24/12/2021;12:11:00 p. m.
ATROPELLO;HERIDOS;CALI-CANDELARIA;VILLAGORGONA;VIERNES;24/12/2021;10:00:00 a. m.
CHOQUE;DAÑOS;CANDELARIA;EL CABUYAL;VIERNES;24/12/2021;4:20:00 p. m.
CHOQUE;HERIDOS;VILLARICA-PALMIRA;CANDELARIA;DOMINGO;26/12/2021;5:40:00 a. m.
CHOQUE;DAÑOS;CALI-CANDELARIA;JUANCHITO;DOMINGO;26/12/2021;5:40:00 a. m.
CHOQUE;DAÑOS;CALI-CANDELARIA;EL CARMELO;VIERNES;27/12/2021;8:20:00 a. m.
CHOQUE;DAÑOS;VILLARICA-PALMIRA;CANDELARIA;LUNES;27/12/2021;N/A
ATROPELLO;MUERTOS;CALI-CANDELARIA;JUANCHITO;MARTES;28/12/2021;2:00:00 p. m.
CHOQUE;DAÑOS;CALI-CANDELARIA;JUANCHITO;MARTES;28/12/2021;N/A
CHOQUE;DAÑOS;CANDELARIA;EL CABUYAL;MIERCOLES;29/12/2021;3:30:00 p. m.
CHOQUE;DAÑOS;CALI-CANDELARIA;JUANCHITO;JUEVES;30/12/2021;5:15:00 p. m.
ATROPELLO;MUERTOS;VILLARICA-PALMIRA;EL ARENAL;VIERNES;31/12/2021;9:00:00 p. m.
CHOQUE;DAÑOS;CANDELARIA-CALI;EL CARMELO;DOMINGO;2/01/2022;11:00:00 p. m.
CHOQUE;HERIDOS;CALI-CANDELARIA;CANDELARIA;LUNES;3/01/2022;8:00:00 a. m.
CHOQUE;DAÑOS;CALI-CANDELARIA;VILLAGORGONA;MARTES;4/01/2022;11:00:00 a. m.
CHOQUE;HERIDOS;PALMIRA-VILLARICA;EL CABUYAL;DOMINGO;9/01/2022;5:00:00 p. m.
VOLCAMIENTO;DAÑOS;PALMIRA-VILLARICA;EL ARENAL;LUNES;10/01/2022;10:00:00 p. m.
CHOQUE;HERIDOS;VILLARICA-PALMIRA;CANDELARIA;DOMINGO;16/01/2022;11:00:00 p. m.
CHOQUE;DAÑOS;VILLARICA-PALMIRA;CANDELARIA;MARTES;18/01/2022;1:00:00 p. m.
CHOQUE;HERIDOS;CANDELARIA;CANDELARIA;MARTES;18/01/2022;7:00:00 p. m.
CHOQUE;HERIDOS;CALI-CANDELARIA;JUANCHITO;MIERCOLES;19/01/2022;7:00:00 a. m.
CHOQUE;DAÑOS;CANDELARIA-PALMIRA;CANDELARIA;MIERCOLES;19/01/2022;3:00:00 p. m.
CHOQUE;DAÑOS;CALI-CANDELARIA;LA REGINA;MIERCOLES;19/01/2022;7:00:00 p. m.
CHOQUE;HERIDOS;CALI-CANDELARIA;POBLADO CAMPESTRE;MIERCOLES;19/01/2022;6:00:00 a. m.
CHOQUE;HERIDOS;CALI-CANDELARIA;VILLAGORGONA;LUNES;24/01/2022;3:00:00 a. m.
CHOQUE;DAÑOS;CANDELARIA;CANDELARIA;LUNES;24/01/2022;8:00:00 a. m.
CHOQUE;DAÑOS;CALI-CANDELARIA;VILLAGORGONA;MARTES;25/01/2022;2:00:00 p. m.
CHOQUE;DAÑOS;CALI-CANDELARIA;JUANCHITO;SABADO;29/01/2022;5:00:00 p. m.
CHOQUE;HERIDOS;CALI-CANDELARIA;POBLADO CAMPESTRE;SABADO;29/01/2022;2:00:00 p. m.
CHOQUE;DAÑOS;CALI-CANDELARIA;EL CARMELO;DOMINGO;30/01/2022;11:00:00 a. m.
CHOQUE;DAÑOS;CALI-CANDELARIA;LA NUBIA;DOMINGO;30/01/2022;1:00:00 a. m.
CHOQUE;DAÑOS;CALI-CANDELARIA;VILLAGORGONA;LUNES;31/01/2022;4:00:00 p. m.
OTRO;DAÑOS;CALI-CANDELARIA;JUANCHITO;MARTES;1/02/2022;6:00:00 a. m.
CHOQUE;DAÑOS;PALMIRA-VILLARICA;EL LAURO;MARTES;1/02/2022;10:00:00 a. m.
CHOQUE;DAÑOS;VILLARICA-PALMIRA;CANDELARIA;MIERCOLES;1/02/2022;8:00:00 a. m.
CHOQUE;HERIDOS;PALMIRA-VILLARICA;CANDELARIA;JUEVES;1/02/2022;6:00:00 a. m.
CHOQUE;DAÑOS;VILLAGORGONA;VILLAGORGONA;MIERCOLES;2/02/2022;12:00:00 p. m.
CHOQUE;DAÑOS;CANDELARIA-CALI;JUANCHITO;MIERCOLES;2/02/2022;3:00:00 p. m.
CHOQUE;HERIDOS;CANDELARIA;POBLADO CAMPESTRE;MIERCOLES;2/02/2022;5:00:00 p. m.
CHOQUE;MUERTOS;PALMIRA-PUERTO TEJADA;EL LAURO;VIERNES;4/02/2022;3:00:00 p. m.
CHOQUE;HERIDOS;CANDELARIA-CALI;VILLAGORGONA;VIERNES;4/02/2022;3:00:00 p. m.
CHOQUE;DAÑOS;CALI-CANDELARIA;JUANCHITO;SABADO;5/02/2022;5:00:00 a. m.
CHOQUE;DAÑOS;CALI-CANDELARIA;JUANCHITO;SABADO;5/02/2022;1:00:00 p. m.
CHOQUE;DAÑOS;CALI-CANDELARIA;JUANCHITO;SABADO;5/02/2022;12:00:00 p. m.
CHOQUE;DAÑOS;VILLARICA-PALMIRA;CANDELARIA;MARTES;8/02/2022;8:00:00 a. m.
CHOQUE;MUERTOS;CALI-CANDELARIA;JUANCHITO;MARTES;8/02/2022;10:00:00 a. m.
CHOQUE;HERIDOS;PUERTO TEJADA-PALMIRA;CANDELARIA;MARTES;8/02/2022;3:00:00 p. m.
CHOQUE;DAÑOS;PALMIRA-VILLARICA;EL CABUYAL;MIERCOLES;9/02/2022;12:00:00 p. m.
CHOQUE;HERIDOS;VILLAGORGONA;VILLAGORGONA;JUEVES;10/02/2022;3:00:00 p. m.
CHOQUE;DAÑOS;CALI-CANDELARIA;JUANCHITO;VIERNES;11/02/2022;12:00:00 p. m.
CHOQUE;DAÑOS;CALI-CANDELARIA;VILLAGORGONA;DOMINGO;13/02/2022;12:00:00 p. m.
CHOQUE;HERIDOS;SAN JOAQUIN-TIPLE;SAN JOAQUIN;DOMINGO;13/02/2022;4:00:00 p. m.
CHOQUE;DAÑOS;VILLARICA-PALMIRA;EL CABUYAL;MARTES;15/02/2022;6:00:00 a. m.
CHOQUE;HERIDOS;CANDELARIA-CALI;JUANCHITO;MIERCOLES;16/02/2022;7:00:00 a. m.
CHOQUE;DAÑOS;POBLADO CAMPESTRE;JUANCHITO;DOMINGO;20/02/2022;11:00:00 a. m.
VOLCAMIENTO;HERIDOS;VILLARICA-PALMIRA;EL LAURO;MARTES;22/02/2022;2:00:00 p. m.
CHOQUE;DAÑOS;VILLARICA-PALMIRA;EL LAURO;MIERCOLES;23/02/2022;1:00:00 p. m.
CHOQUE;HERIDOS;CALI-CANDELARIA;CANDELARIA;VIERNES;25/02/2022;4:00:00 p. m.
CHOQUE;DAÑOS;CANDELARIA-CALI;JUANCHITO;VIERNES;25/02/2022;6:00:00 a. m.
CHOQUE;DAÑOS;CALI-CANDELARIA;EL ARENAL;SABADO;26/02/2022;8:00:00 a. m.
CHOQUE;DAÑOS;CANDELARIA;CANDELARIA;SABADO;26/02/2022;11:00:00 a. m.
CHOQUE;MUERTOS;VILLARICA-PALMIRA;EL CABUYAL;DOMINGO;27/02/2022;7:00:00 p. m.
CHOQUE;DAÑOS;VILLARICA-PALMIRA;EL CABUYAL;DOMINGO;27/02/2022;8:00:00 p. m.
CHOQUE;HERIDOS;CALI-CANDELARIA;JUANCHITO;DOMINGO;27/02/2022;4:00:00 p. m.
ATROPELLO;MUERTOS;PALMIRA-VILLARICA;EL ARENAL;LUNES;28/02/2022;5:00:00 a. m.
CHOQUE;DAÑOS;EL CARMELO;EL CARMELO;MARTES;1/03/2022;6:00:00 a. m.
VOLCAMIENTO;MUERTOS;CANDELARIA-CALI;JUANCHITO;MIERCOLES;2/03/2022;3:00:00 p. m.
CHOQUE;DAÑOS;CALI-CANDELARIA;EL CARMELO;JUEVES;3/03/2022;12:00:00 p. m.
CHOQUE;HERIDOS;CALI-CANDELARIA;POBLADO CAMPESTRE;JUEVES;3/03/2022;8:00:00 p. m.
CHOQUE;HERIDOS;VILLARICA-PALMIRA;CANDELARIA;SABADO;5/03/2022;11:00:00 a. m.
CHOQUE;DAÑOS;EL CARMELO;EL CARMELO;DOMINGO;6/03/2022;10:00:00 a. m.
CHOQUE;DAÑOS;CANDELARIA-CALI;JUANCHITO;MIERCOLES;9/03/2022;6:00:00 a. m.
CHOQUE;DAÑOS;CALI-CANDELARIA;EL CARMELO;MIERCOLES;9/03/2022;5:00:00 a. m.
VOLCAMIENTO;HERIDOS;CANDELARIA-CALI;EL CARMELO;MIERCOLES;9/03/2022;7:00:00 a. m.
CHOQUE;DAÑOS;VILLAGORGONA-CANDELARIA;VILLAGORGONA;VIERNES;11/03/2022;11:00:00 a. m.
CHOQUE;DAÑOS;CALI-CANDELARIA;DOMINGO LARGO;SABADO;12/03/2022;12:00:00 p. m.
CHOQUE;HERIDOS;VILLAGORGONA-CANDELARIA;VILLAGORGONA;DOMINGO;13/03/2022;8:00:00 a. m.
CHOQUE;HERIDOS;JUANCHITO;JUANCHITO;MARTES;15/03/2022;3:00:00 p. m.
VOLCAMIENTO;HERIDOS;PALMIRA-VILLARICA;EL LAURO;MARTES;15/03/2022;4:00:00 p. m.
CHOQUE;DAÑOS;VILLARICA-PALMIRA;EL CABUYAL;MIERCOLES;16/03/2022;2:00:00 p. m.
CHOQUE;HERIDOS;JUANCHITO;JUANCHITO;VIERNES;18/03/2022;5:00:00 a. m.
CHOQUE;MUERTOS;CALI-CANDELARIA;JUANCHITO;SABADO;19/03/2022;2:00:00 p. m.
CHOQUE;DAÑOS;VILLARICA-PALMIRA;CANDELARIA;SABADO;19/03/2022;2:00:00 p. m.
CHOQUE;DAÑOS;CALI-FLORIDA;LA REGINA;MARTES;8/03/2022;5:00:00 a. m.
CHOQUE;DAÑOS;CALI-FLORIDA;CANDELARIA;LUNES;14/03/2022;5:00:00 p. m.
CHOQUE;DAÑOS;CALI-CANDELARIA;JUANCHITO;SABADO;19/03/2022;10:00:00 a. m.
CHOQUE;HERIDOS;CALI-CANDELARIA;EL CARMELO;MIERCOLES;23/03/2022;7:00:00 a. m.
CHOQUE;DAÑOS;CALI-CANDELARIA;VILLAGORGONA;MIERCOLES;23/03/2022;1:00:00 p. m.
CHOQUE;DAÑOS;CALI-CANDELARIA;JUANCHITO;JUEVES;24/03/2022;6:00:00 a. m.
CHOQUE;DAÑOS;CALI-CANDELARIA;JUANCHITO;VIERNES;25/03/2022;5:00:00 a. m.
CHOQUE;HERIDOS;CANDELARIA-LA TUPIA;CANDELARIA;VIERNES;25/03/2022;8:00:00 p. m.
CHOQUE;DAÑOS;CANDELARIA-CALI;JUANCHITO;DOMINGO;27/03/2022;9:00:00 p. m.
CHOQUE;DAÑOS;CANDELARIA-CALI;VILLAGORGONA;MARTES;29/03/2022;7:00:00 a. m.
CHOQUE;HERIDOS;VILLAGORGONA;VILLAGORGONA;JUEVES;31/03/2022;9:00:00 a. m.
CHOQUE;DAÑOS;VILLARICA-PALMIRA;EL CABUYAL;JUEVES;31/03/2022;11:00:00 p. m.
CHOQUE;DAÑOS;PALMIRA-VILLARICA;EL CABUYAL;LUNES;1/04/2022;6:00:00 a. m.
CHOQUE;DAÑOS;CALI-CANDELARIA;JUANCHITO;MARTES;5/04/2022;7:00:00 a. m.
CHOQUE;DAÑOS;CALI-CANDELARIA;POBLADO CAMPESTRE;JUEVES;7/04/2022;8:00:00 a. m.
CHOQUE;DAÑOS;VILLAGORGONA;VILLAGORGONA;JUEVES;7/04/2022;11:00:00 a. m.
CHOQUE;DAÑOS;CALI-CANDELARIA;JUANCHITO;SABADO;9/04/2022;8:00:00 a. m.
CHOQUE;DAÑOS;CANDELARIA-CALI;JUANCHITO;SABADO;9/04/2022;11:00:00 a. m.
CHOQUE;DAÑOS;VILLARICA-PALMIRA;TURIN;SABADO;9/04/2022;5:00:00 p. m.
ATROPELLO;HERIDOS;VILLAGORGONA;VILLAGORGONA;MIERCOLES;3/04/2022;8:00:00 p. m.
CHOQUE;HERIDOS;CALI-CANDELARIA;JUANCHITO;MARTES;5/04/2022;4:00:00 p. m.
CHOQUE;HERIDOS;CALI-CANDELARIA;CANDELARIA;MARTES;5/04/2022;5:00:00 p. m.
CHOQUE;HERIDOS;CALI-CANDELARIA;JUANCHITO;MIERCOLES;6/04/2022;12:00:00 p. m.
CHOQUE;MUERTOS;VILLARICA-PALMIRA;CANDELARIA;DOMINGO;10/04/2022;3:00:00 p. m.
CHOQUE;DAÑOS;PALMIRA-VILLARICA;CANDELARIA;LUNES;11/04/2022;3:00:00 p. m.
CHOQUE;DAÑOS;CANDELARIA-CALI;EL CARMELO;LUNES;11/04/2022;7:00:00 p. m.
CHOQUE;HERIDOS;CALI-CANDELARIA;POBLADO CAMPESTRE;LUNES;11/04/2022;5:00:00 p. m.
CHOQUE;DAÑOS;CANDELARIA;CANDELARIA;LUNES;11/04/2022;5:00:00 p. m.
CHOQUE;HERIDOS;CANDELARIA-CALI;VILLAGORGONA;MARTES;12/04/2022;11:00:00 a. m.
CHOQUE;HERIDOS;CANDELARIA-CALI;VILLAGORGONA;MIERCOLES;13/04/2022;4:00:00 p. m.
CHOQUE;DAÑOS;CANDELARIA-CALI;JUANCHITO;MIERCOLES;13/04/2022;1:00:00 p. m.
CHOQUE;HERIDOS;PALMIRA-VILLARICA;CANDELARIA;VIERNES;15/04/2022;9:00:00 a. m.
CHOQUE;DAÑOS;POBLADO CAMPESTRE;POBLADO CAMPESTRE;SABADO;16/04/2022;5:00:00 p. m.
CHOQUE;DAÑOS;VILLARICA-PALMIRA;CANDELARIA;LUNES;18/04/2022;6:00:00 p. m.
CHOQUE;DAÑOS;CANDELARIA;CANDELARIA;MARTES;19/04/2022;3:00:00 p. m.
CHOQUE;HERIDOS;VILLARICA-PALMIRA;CANDELARIA;MIERCOLES;20/04/2022;1:00:00 p. m.
CHOQUE;DAÑOS;JUANCHITO;JUANCHITO;MIERCOLES;20/04/2022;7:00:00 p. m.
CHOQUE;HERIDOS;CALI-CANDELARIA;DOMINGO LARGO;VIERNES;22/04/2022;12:00:00 p. m.
CHOQUE;DAÑOS;POBLADO CAMPESTRE;POBLADO CAMPESTRE;VIERNES;22/04/2022;11:00:00 a. m.
CHOQUE;DAÑOS;CALI-CANDELARIA;VILLAGORGONA;SABADO;23/04/2022;7:00:00 a. m.
CHOQUE;HERIDOS;VILLARICA-PALMIRA;CANDELARIA;DOMINGO;24/04/2022;3:00:00 p. m.
CHOQUE;HERIDOS;CALI-CANDELARIA;CANDELARIA;MIERCOLES;27/04/2022;7:00:00 p. m.
CHOQUE;DAÑOS;CALI-CANDELARIA;JUANCHITO;MIERCOLES;27/04/2022;5:00:00 p. m.
ATROPELLO;MUERTOS;POBLADO CAMPESTRE;POBLADO CAMPESTRE;JUEVES;28/04/2022;4:00:00 p. m.
CHOQUE;HERIDOS;CANDELARIA-CALI;VILLAGORGONA;SABADO;30/04/2022;7:00:00 a. m.
CHOQUE;HERIDOS;CANDELARIA-CALI;POBLADO CAMPESTRE;DOMINGO;1/05/2022;1:00:00 p. m.
CHOQUE;DAÑOS;CANDELARIA-CALI;VILLAGORGONA;MARTES;3/05/2022;1:00:00 p. m.
CHOQUE;DAÑOS;CANDELARIA-CALI;POBLADO CAMPESTRE;MARTES;3/05/2022;5:00:00 p. m.
ATROPELLO;HERIDOS;CANDELARIA-CALI;JUANCHITO;MIERCOLES;4/05/2022;6:00:00 a. m.
CHOQUE;DAÑOS;PUERTO TEJADA-PALMIRA;CANDELARIA;VIERNES;6/05/2022;12:00:00 p. m.
CHOQUE;MUERTOS;VILLARICA-PALMIRA;PUERTA AMARILLA;SABADO;7/05/2022;5:00:00 a. m.
CHOQUE;DAÑOS;VILLARICA-PALMIRA;CANDELARIA;DOMINGO;8/05/2022;6:00:00 a. m.
VOLCAMIENTO;HERIDOS;CALI-CANDELARIA;EL CARMELO;DOMINGO;8/05/2022;11:00:00 a. m.
CHOQUE;HERIDOS;VILLARICA-PALMIRA;EL CABUYAL;LUNES;9/05/2022;4:00:00 p. m.
VOLCAMIENTO;DAÑOS;JUANCHITO;JUANCHITO;MIERCOLES;11/05/2022;6:00:00 a. m.
CHOQUE;DAÑOS;CALI-CANDELARIA;JUANCHITO;VIERNES;13/05/2022;8:00:00 a. m.
CHOQUE;HERIDOS;CALI-CANDELARIA;EL CARMELO;SABADO;14/05/2022;8:00:00 p. m.
CHOQUE;HERIDOS;CALI-CANDELARIA;VILLAGORGONA;DOMINGO;15/05/2022;12:00:00 p. m.
CHOQUE;HERIDOS;CALI-CANDELARIA;JUANCHITO;DOMINGO;15/05/2022;9:00:00 p. m.
ATROPELLO;MUERTOS;CALI-CANDELARIA;CANDELARIA;LUNES;16/05/2022;11:00:00 a. m.
CHOQUE;DAÑOS;CANDELARIA-CALI;JUANCHITO;MARTES;17/05/2022;6:00:00 p. m.
CHOQUE;HERIDOS;PALMIRA-VILLARICA;EL ARENAL;MARTES;17/05/2022;7:00:00 p. m.
CHOQUE;DAÑOS;VILLARICA-PALMIRA;EL LAURO;MARTES;17/05/2022;8:00:00 a. m.
VOLCAMIENTO;DAÑOS;CALI-CANDELARIA;EL CARMELO;MIERCOLES;18/05/2022;10:00:00 p. m.
CHOQUE;DAÑOS;CANDELARIA-CALI;JUANCHITO;MIERCOLES;18/05/2022;6:00:00 a. m.
CHOQUE;DAÑOS;CALI-CANDELARIA;CANDELARIA;JUEVES;19/05/2022;6:00:00 a. m.
CHOQUE;DAÑOS;CALI-CANDELARIA;JUANCHITO;JUEVES;19/05/2022;6:00:00 a. m.
CHOQUE;DAÑOS;PALMIRA-VILLARICA;CANDELARIA;JUEVES;19/05/2022;12:00:00 p. m.
CHOQUE;DAÑOS;CALI-CANDELARIA;VILLAGORGONA;VIERNES;20/05/2022;11:00:00 a. m.
CHOQUE;DAÑOS;PUERTO TEJADA-PALMIRA;EL LAURO;LUNES;23/05/2022;5:00:00 p. m.
CHOQUE;DAÑOS;CALI-CANDELARIA;JUANCHITO;LUNES;23/05/2022;6:00:00 a. m.
CHOQUE;DAÑOS;CALI-CANDELARIA;JUANCHITO;LUNES;23/05/2022;8:00:00 a. m.
CHOQUE;DAÑOS;VILLARICA-PALMIRA;EL LAURO;MIERCOLES;25/05/2022;4:00:00 p. m.
CHOQUE;DAÑOS;CALI-CANDELARIA;JUANCHITO;JUEVES;26/05/2022;1:00:00 p. m.
CHOQUE;DAÑOS;CALI-CANDELARIA;JUANCHITO;VIERNES;27/05/2022;4:00:00 p. m.
CHOQUE;DAÑOS;CANDELARIA-FLORIDA;CANDELARIA;MARTES;31/05/2022;11:00:00 a. m.
CHOQUE;DAÑOS;CALI-CANDELARIA;JUANCHITO;MIERCOLES;1/06/2022;7:00:00 a. m.
CHOQUE;DAÑOS;VILLARICA-PALMIRA;CANDELARIA;MIERCOLES;1/06/2022;7:00:00 a. m.
CHOQUE;HERIDOS;VILLARICA-PALMIRA;EL LAURO;MIERCOLES;1/06/2022;6:00:00 a. m.
CHOQUE;DAÑOS;CALI-CANDELARIA;JUANCHITO;MIERCOLES;1/06/2022;12:00:00 p. m.
CHOQUE;HERIDOS;CALI-CANDELARIA;JUANCHITO;MIERCOLES;1/06/2022;5:00:00 p. m.
CHOQUE;DAÑOS;CALI-CANDELARIA;VILLAGORGONA;JUEVES;2/06/2022;2:00:00 p. m.
CHOQUE;HERIDOS;CALI-CANDELARIA;JUANCHITO;JUEVES;2/06/2022;4:00:00 p. m.
CHOQUE;DAÑOS;POBLADO CAMPESTRE;POBLADO CAMPESTRE;SABADO;4/06/2022;7:00:00 a. m.
CHOQUE;HERIDOS;CANDELARIA;CANDELARIA;DOMINGO;5/06/2022;3:00:00 p. m.
CHOQUE;DAÑOS;CALI-CANDELARIA;VILLAGORGONA;LUNES;6/06/2022;2:00:00 p. m.
CHOQUE;HERIDOS;VILLARICA-PALMIRA;EL LAURO;LUNES;6/06/2022;6:00:00 p. m.
CHOQUE;DAÑOS;CANDELARIA;CANDELARIA;LUNES;6/06/2022;8:00:00 p. m.
CHOQUE;DAÑOS;CALI-CANDELARIA;JUANCHITO;MIERCOLES;8/06/2022;5:00:00 a. m.
CHOQUE;DAÑOS;CALI-CANDELARIA;JUANCHITO;MIERCOLES;8/06/2022;8:00:00 a. m.
CHOQUE;DAÑOS;CALI-CANDELARIA;JUANCHITO;MIERCOLES;8/06/2022;8:00:00 a. m.
CHOQUE;HERIDOS;CALI-CANDELARIA;VILLAGORGONA;JUEVES;9/06/2022;6:00:00 a. m.
CHOQUE;HERIDOS;VILLAGORGONA;VILLAGORGONA;JUEVES;9/06/2022;10:00:00 a. m.
CHOQUE;MUERTOS;CALI-CANDELARIA;JUANCHITO;VIERNES;10/06/2022;9:00:00 p. m.
CHOQUE;DAÑOS;CANDELARIA-CALI;JUANCHITO;VIERNES;10/06/2022;5:00:00 p. m.
CHOQUE;HERIDOS;CALI-CANDELARIA;JUANCHITO;DOMINGO;12/06/2022;12:00:00 p. m.
CHOQUE;HERIDOS;CALI-CANDELARIA;EL CARMELO;MARTES;14/06/2022;7:00:00 p. m.
VOLCAMIENTO;HERIDOS;CALI-CANDELARIA;JUANCHITO;VIERNES;17/06/2022;4:00:00 p. m.
CHOQUE;DAÑOS;CANDELARIA;CANDELARIA;SABADO;18/06/2022;10:00:00 a. m.
CHOQUE;HERIDOS;CALI-CANDELARIA;JUANCHITO;SABADO;18/06/2022;4:00:00 p. m.
CHOQUE;HERIDOS;CANDELARIA-CALI;JUANCHITO;LUNES;20/06/2022;5:00:00 p. m.
CHOQUE;DAÑOS;VILLAGORGONA;VILLAGORGONA;MARTES;21/06/2022;2:00:00 p. m.
CHOQUE;DAÑOS;VILLARICA-PALMIRA;EL LAURO;MARTES;21/06/2022;12:00:00 p. m.
CHOQUE;HERIDOS;POBLADO CAMPESTRE;POBLADO CAMPESTRE;MIERCOLES;22/06/2022;10:00:00 p. m.
CHOQUE;DAÑOS;PALMIRA-VILLARICA;EL LAURO;MIERCOLES;22/06/2022;7:00:00 a. m.
CHOQUE;DAÑOS;CANDELARIA;CANDELARIA;VIERNES;24/06/2022;9:00:00 a. m.
ATROPELLO;HERIDOS;POBLADO CAMPESTRE;POBLADO CAMPESTRE;LUNES;27/06/2022;12:00:00 p. m.
CHOQUE;DAÑOS;CALI-CANDELARIA;JUANCHITO;MIERCOLES;29/06/2022;4:00:00 a. m.
ATROPELLO;HERIDOS;SAN JOAQUIN-EL CARMELO;LA GLORIA;MIERCOLES;29/06/2022;6:00:00 p. m.
CHOQUE;HERIDOS;VILLARICA-PALMIRA;CANDELARIA;JUEVES;30/06/2022;10:00:00 a. m.
ATROPELLO;HERIDOS;CALI-CANDELARIA;JUANCHITO;SABADO;2/07/2022;4:00:00 p. m.
CHOQUE;HERIDOS;CANDELARIA;CANDELARIA;SABADO;2/07/2022;2:00:00 p. m.
CHOQUE;DAÑOS;VILLARICA-PALMIRA;EL LAURO;SABADO;2/07/2022;12:00:00 p. m.
CHOQUE;DAÑOS;PUERTO TEJADA-PALMIRA;EL CABUYAL;MARTES;5/07/2022;12:00:00 p. m.
CHOQUE;DAÑOS;CALI-CANDELARIA;DOMINGO LARGO;MARTES;5/07/2022;4:00:00 p. m.
CHOQUE;DAÑOS;CALI-CANDELARIA;EL CARMELO;VIERNES;8/07/2022;9:00:00 a. m.
OTRO;HERIDOS;PUERTO TEJADA-PALMIRA;EL LAURO;SABADO;9/07/2022;4:00:00 p. m.
CHOQUE;DAÑOS;POBLADO CAMPESTRE;POBLADO CAMPESTRE;DOMINGO;10/07/2022;9:00:00 p. m.
OTRO;HERIDOS;VILLAGORGONA;VILLAGORGONA;LUNES;11/07/2022;9:00:00 a. m.
CHOQUE;DAÑOS;EL CARMELO;EL CARMELO;JUEVES;14/07/2022;11:00:00 a. m.
CHOQUE;MUERTOS;CALI-FLORIDA;CANDELARIA;DOMINGO;17/07/2022;2:00:00 p. m.
CHOQUE;DAÑOS;CANDELARIA-PRADERA;CANDELARIA;DOMINGO;17/07/2022;10:00:00 a. m.
CHOQUE;DAÑOS;EL CARMELO;EL CARMELO;MIERCOLES;20/07/2022;11:00:00 a. m.
ATROPELLO;HERIDOS;VILLAGORGONA;VILLAGORGONA;DOMINGO;24/07/2022;12:00:00 p. m.
CHOQUE;DAÑOS;VILLARICA-PALMIRA;CANDELARIA;DOMINGO;24/07/2022;1:00:00 a. m.
CHOQUE;DAÑOS;PUERTO TEJADA-PALMIRA;EL CABUYAL;MIERCOLES;25/07/2022;12:00:00 p. m.
CHOQUE;HERIDOS;VILLAGORGONA;VILLAGORGONA;MARTES;26/07/2022;1:00:00 p. m.
CHOQUE;DAÑOS;VILLARICA-PALMIRA;CANDELARIA;LUNES;1/08/2022;12:00:00 p. m.
CHOQUE;HERIDOS;CANDELARIA-CALI;JUANCHITO;JUEVES;4/08/2022;6:00:00 a. m.
CHOQUE;MUERTOS;PALMIRA-VILLARICA;CANDELARIA;JUEVES;4/08/2022;5:00:00 a. m.
CHOQUE;HERIDOS;EL CARMELO;EL CARMELO;DOMINGO;7/08/2022;5:00:00 p. m.
CHOQUE;HERIDOS;CALI-CANDELARIA;JUANCHITO;LUNES;8/08/2022;6:00:00 a. m.
CHOQUE;DAÑOS;CANDELARIA-CALI;VILLAGORGONA;VIERNES;12/08/2022;11:00:00 a. m.
OBJETO FIJO;HERIDOS;CANDELARIA-CALI;CANDELARIA;SABADO;13/08/2022;9:00:00 p. m.
CHOQUE;DAÑOS;VILLARICA-PALMIRA;EL CABUYAL;LUNES;15/08/2022;5:00:00 a. m.
ATROPELLO;HERIDOS;CALI-CANDELARIA;VILLAGORGONA;VIERNES;12/08/2022;7:00:00 p. m.
CHOQUE;DAÑOS;VILLARICA-PALMIRA;CANDELARIA;SABADO;13/08/2022;3:00:00 p. m.
CHOQUE;HERIDOS;CALI-CANDELARIA;EL CARMELO;MIERCOLES;17/08/2022;6:00:00 a. m.
CHOQUE;HERIDOS;CANDELARIA;CANDELARIA;MARTES;16/08/2022;6:00:00 p. m.
CHOQUE;HERIDOS;VILLARICA-PALMIRA;CANDELARIA;MIERCOLES;17/08/2022;4:00:00 p. m.
CHOQUE;DAÑOS;CALI-CANDELARIA;VILLAGORGONA;SABADO;20/08/2022;3:00:00 p. m.
CHOQUE;HERIDOS;CALI-FLORIDA;CANDELARIA;SABADO;20/08/2022;3:00:00 a. m.
CHOQUE;HERIDOS;VILLAGORGONA;VILLAGORGONA;DOMINGO;21/08/2022;10:00:00 p. m.
CHOQUE;DAÑOS;CANDELARIA-CALI;JUANCHITO;JUEVES;25/08/2022;8:00:00 p. m.
CHOQUE;DAÑOS;PALMIRA-VILLARICA;CANDELARIA;VIERNES;26/08/2022;10:00:00 a. m.
CHOQUE;HERIDOS;CANDELARIA-CALI;EL CARMELO;MIERCOLES;24/08/2022;4:00:00 p. m.
CHOQUE;HERIDOS;CANDELARIA-CALI;EL CARMELO;VIERNES;26/08/2022;8:00:00 p. m.
ATROPELLO;HERIDOS;CALI-CANDELARIA;VILLAGORGONA;SABADO;27/08/2022;11:00:00 a. m.
CHOQUE;DAÑOS;PUERTO TEJADA-PALMIRA;EL CABUYAL;SABADO;27/08/2022;7:00:00 p. m.
CHOQUE;DAÑOS;CANDELARIA-CALI;JUANCHITO;DOMINGO;28/08/2022;12:00:00 p. m.
CHOQUE;HERIDOS;VILLARICA-PALMIRA;CANDELARIA;MARTES;30/08/2022;4:00:00 p. m.
ATROPELLO;HERIDOS;CANDELARIA-CALI;CANDELARIA;MARTES;30/08/2022;6:00:00 p. m.
CHOQUE;DAÑOS;CANDELARIA;CANDELARIA;JUEVES;1/09/2022;2:00:00 p. m.
CHOQUE;DAÑOS;CANDELARIA-CALI;JUANCHITO;SABADO;3/09/2022;8:00:00 p. m.
VOLCAMIENTO;HERIDOS;CALI-CANDELARIA;JUANCHITO;DOMINGO;4/09/2022;11:00:00 p. m.
CHOQUE;HERIDOS;CANDELARIA-CALI;JUANCHITO;MARTES;6/09/2022;6:00:00 a. m.
CHOQUE;DAÑOS;CANDELARIA;CANDELARIA;MIERCOLES;7/08/2022;11:00:00 p. m.
CHOQUE;DAÑOS;PALMIRA-VILLARICA;CANDELARIA;MIERCOLES;7/09/2022;10:00:00 p. m.
CHOQUE;DAÑOS;POBLADO CAMPESTRE;POBLADO CAMPESTRE;VIERNES;9/09/2022;9:00:00 a. m.
ATROPELLO;HERIDOS;VILLARICA-PALMIRA;EL LAURO;SABADO;10/09/2022;7:00:00 a. m.
ATROPELLO;HERIDOS;JUANCHITO;JUANCHITO;DOMINGO;18/09/2022;12:00:00 p. m.
ATROPELLO;HERIDOS;CALI-CANDELARIA;CANDELARIA;VIERNES;16/09/2022;5:00:00 a. m.
CHOQUE;HERIDOS;CALI-CANDELARIA;CANDELARIA;LUNES;16/09/2022;6:00:00 a. m.
CHOQUE;HERIDOS;CALI-CANDELARIA;EL CARMELO;DOMINGO;18/09/2022;7:00:00 a. m.
CHOQUE;HERIDOS;CANDELARIA;CANDELARIA;LUNES;19/09/2022;7:00:00 p. m.
CHOQUE;DAÑOS;VILLARICA-PALMIRA;EL CABUYAL;MARTES;20/09/2022;9:00:00 a. m.
CHOQUE;DAÑOS;CANDELARIA-CALI;JUANCHITO;VIERNES;23/09/2022;6:00:00 p. m.
CHOQUE;HERIDOS;CANDELARIA-CALI;EL CARMELO;VIERNES;23/09/2022;12:00:00 p. m.
CHOQUE;HERIDOS;CALI-CANDELARIA;JUANCHITO;VIERNES;23/09/2022;8:00:00 p. m.
CHOQUE;DAÑOS;PUERTO TEJADA-PALMIRA;CANDELARIA;SABADO;24/09/2022;2:00:00 p. m.
CHOQUE;HERIDOS;CANDELARIA;CANDELARIA;VIERNES;23/09/2022;10:00:00 p. m.
CHOQUE;HERIDOS;VILLAGORGONA;CANDELARIA;DOMINGO;25/09/2022;6:00:00 p. m.
CHOQUE;HERIDOS;VILLAGORGONA;VILLAGORGONA;MARTES;27/09/2022;4:00:00 p. m.
CHOQUE;MUERTOS;JUANCHITO;JUANCHITO;JUEVES;30/09/2022;7:00:00 a. m.
CHOQUE;DAÑOS;VILLAGORGONA;VILLAGORGONA;MIERCOLES;28/09/2022;11:00:00 a. m.
CHOQUE;HERIDOS;CALI-CANDELARIA;DOMINGO LARGO;DOMINGO;2/10/2022;12:00:00 p. m.
VOLCAMIENTO;MUERTOS;CALI-CANDELARIA;EL CARMELO;LUNES;3/10/2022;5:00:00 a. m.
CHOQUE;DAÑOS;PUERTO TEJADA-PALMIRA;EL CABUYAL;MARTES;4/10/2022;5:00:00 p. m.
CHOQUE;DAÑOS;CALI-CANDELARIA;VILLAGORGONA;MARTES;4/10/2022;8:00:00 p. m.
CHOQUE;HERIDOS;PALMIRA-VILLARICA;EL CABUYAL;JUEVES;6/10/2022;11:00:00 a. m.
CHOQUE;HERIDOS;CALI-CANDELARIA;EL CARMELO;VIERNES;7/10/2022;5:00:00 p. m.
CHOQUE;HERIDOS;CANDELARIA;CANDELARIA;MARTES;11/10/2011;7:00:00 a. m.
CHOQUE;HERIDOS;CALI-CANDELARIA;JUANCHITO;VIERNES;14/10/2022;12:00:00 p. m.
CHOQUE;DAÑOS;VILLARICA-PALMIRA;CANDELARIA;DOMINGO;16/10/2022;11:00:00 a. m.
CHOQUE;HERIDOS;CANDELARIA;CANDELARIA;LUNES;17/10/2022;1:00:00 a. m.
CHOQUE;HERIDOS;CALI-CANDELARIA;VILLAGORGONA;LUNES;17/10/2022;11:00:00 a. m.
CHOQUE;DAÑOS;CALI-CANDELARIA;EL CARMELO;MIERCOLES;19/10/2022;12:00:00 p. m.
CHOQUE;DAÑOS;CALI-CANDELARIA;JUANCHITO;JUEVES;20/10/2022;7:00:00 a. m.
CHOQUE;DAÑOS;CANDELARIA-CALI;VILLAGORGONA;JUEVES;20/10/2022;5:00:00 p. m.
CHOQUE;MUERTOS;PALMIRA-VILLARICA;EL LAURO;SABADO;22/10/2022;5:00:00 a. m.
CHOQUE;DAÑOS;PALMIRA-PUERTO TEJADA;CANDELARIA;MARTES;25/10/2022;1:00:00 a. m.
CHOQUE;HERIDOS;CALI-CANDELARIA;JUANCHITO;MARTES;25/10/2022;4:00:00 p. m.
CHOQUE;HERIDOS;CALI-CANDELARIA;JUANCHITO;VIERNES;28/10/2022;9:00:00 a. m.
CHOQUE;DAÑOS;POBLADO CAMPESTRE;CANDELARIA;MARTES;1/11/2022;12:00:00 p. m.
CHOQUE;HERIDOS;CALI-CANDELARIA;EL CARMELO;MARTES;1/11/2022;6:00:00 a. m.
VOLCAMIENTO;HERIDOS;CALI-CANDELARIA;JUANCHITO;MIERCOLES;2/11/2022;5:00:00 a. m.
CHOQUE;HERIDOS;CANDELARIA-FLORIDA;LA REGINA;JUEVES;3/11/2022;7:00:00 p. m.
ATROPELLO;HERIDOS;CALI-CANDELARIA;JUANCHITO;SABADO;5/11/2022;10:00:00 p. m.
CHOQUE;HERIDOS;CANDELARIA-PRADERA;CANDELARIA;SABADO;5/11/2022;8:00:00 a. m.
ATROPELLO;HERIDOS;CALI-CANDELARIA;JUANCHITO;LUNES;7/11/2022;5:00:00 a. m.
CHOQUE;DAÑOS;CANDELARIA;CANDELARIA;MARTES;8/11/2022;8:00:00 p. m.
VOLCAMIENTO;MUERTOS;CALI-CANDELARIA;CANDELARIA;DOMINGO;13/11/2022;4:00:00 a. m.
CHOQUE;HERIDOS;CANDELARIA-CALI;EL CARMELO;LUNES;14/11/2022;7:00:00 a. m.
CHOQUE;HERIDOS;VILLARICA-PALMIRA;EL CABUYAL;MIERCOLES;16/11/2022;7:00:00 a. m.
ATROPELLO;HERIDOS;CALI-CANDELARIA;VILLAGORGONA;SABADO;19/11/2022;11:00:00 a. m.
CHOQUE;HERIDOS;VILLARICA-PALMIRA;CANDELARIA;JUEVES;10/11/2022;7:00:00 p. m.
CHOQUE;DAÑOS;PUERTO TEJADA-PALMIRA;CANDELARIA;VIERNES;11/11/2022;8:00:00 a. m.
CHOQUE;HERIDOS;CALI-CANDELARIA;POBLADO CAMPESTRE;DOMINGO;20/11/2022;9:00:00 p. m.
CHOQUE;HERIDOS;PUERTO TEJADA-PALMIRA;EL ARENAL;MIERCOLES;23/11/2022;5:00:00 p. m.
ATROPELLO;HERIDOS;CALLE 13 CON CR 7;CANDELARIA;MIERCOLES;23/11/2022;9:00:00 a. m.
CHOQUE;HERIDOS;CALI-CANDELARIA;JUANCHITO;MIERCOLES;23/11/2022;7:00:00 a. m.
CHOQUE;HERIDOS;CANDELARIA-CALI;JUANCHITO;MIERCOLES;28/11/2022;7:00:00 a. m.
CHOQUE;MUERTOS;CALI-CANDELARIA;JUANCHITO;VIERNES;30/11/2022;5:00:00 a. m.
CHOQUE;HERIDOS;CALLE 3 CON CR 5;CANDELARIA;JUEVES;1/12/2022;12:00:00 p. m.
CHOQUE;HERIDOS;VILLARICA-PALMIRA;CANDELARIA;VIERNES;2/12/2022;11:00:00 a. m.
CHOQUE;HERIDOS;CALI-CANDELARIA;SAN JOAQUIN;SABADO;3/12/2022;3:00:00 p. m.
CHOQUE;DAÑOS;CALI-FLORIDA;CANDELARIA;DOMINGO;4/12/2022;6:00:00 a. m.
CHOQUE;DAÑOS;VILLARICA-PALMIRA;EL CABUYAL;DOMINGO;4/12/2022;5:00:00 p. m.
CHOQUE;HERIDOS;CALI-CANDELARIA;POBLADO CAMPESTRE;LUNES;5/12/2022;12:00:00 p. m.
CHOQUE;HERIDOS;CALI-CANDELARIA;JUANCHITO;VIERNES;9/12/2022;8:00:00 a. m.
ATROPELLO;HERIDOS;CALI-CANDELARIA;POBLADO CAMPESTRE;SABADO;10/12/2002;8:00:00 a. m.
CHOQUE;DAÑOS;CALI-CANDELARIA;VILLAGORGONA;LUNES;12/12/2022;8:00:00 a. m.
CHOQUE;HERIDOS;CALI-CANDELARIA;EL CARMELO;MIERCOLES;14/12/2022;4:00:00 p. m.
CHOQUE;HERIDOS;CALI-CANDELARIA;JUANCHITO;LUNES;19/12/2022;1:00:00 p. m.
VOLCAMIENTO;HERIDOS;CALI-CANDELARIA;CANDELARIA;MIERCOLES;21/12/2022;8:00:00 a. m.
CHOQUE;HERIDOS;CANDELARIA-CALI;POBLADO CAMPESTRE;DOMINGO;25/12/2022;8:00:00 a. m.
ATROPELLO;HERIDOS;PALMIRA-VILLARICA;EL ARENAL;DOMINGO;1/01/2023;11:00:00 a. m.
CHOQUE;HERIDOS;CARRERA 15 - CALLE 21;VILLAGORGONA;DOMINGO;1/01/2023;6:00:00 p. m.
CHOQUE;HERIDOS;CANDELARIA-CALI;JUANCHITO;DOMINGO;1/01/2023;10:00:00 p. m.
CHOQUE;HERIDOS;CANDELARIA-CALI;JUANCHITO;DOMINGO;1/01/2023;10:00:00 p. m.
CHOQUE;HERIDOS;CALI-CANDELARIA;CANDELARIA;LUNES;2/01/2023;5:00:00 a. m.
CHOQUE;HERIDOS;CALI-FLORIDA;CANDELARIA;LUNES;2/01/2023;7:00:00 a. m.
CHOQUE;HERIDOS;CANDELARIA-CALI;JUANCHITO;MARTES;3/01/2023;7:00:00 a. m.
CHOQUE;HERIDOS;CALLE 16 CR 16;VILLAGORGONA;VIERNES;6/01/2023;10:00:00 a. m.
VOLCAMIENTO;HERIDOS;CANDELARIA-PRADERA;CANDELARIA;DOMINGO;8/01/2023;8:00:00 a. m.
CHOQUE;HERIDOS;CANDELARIA-CALI;JUANCHITO;DOMINGO;15/01/2023;10:00:00 a. m.
ATROPELLO;HERIDOS;CANDELARIA;CANDELARIA;MARTES;17/01/2023;7:00:00 a. m.
CHOQUE;HERIDOS;CALLE 13 CALLE 18;EL CARMELO;VIERNES;20/01/2023;11:00:00 a. m.
CHOQUE;HERIDOS;CANDELARIA;CANDELARIA;JUEVES;26/01/2023;9:00:00 a. m.
CHOQUE;HERIDOS;CANDELARIA-PALMIRA;CANDELARIA;SABADO;28/01/2023;5:00:00 a. m.
CHOQUE;HERIDOS;CALI-CANDELARIA;VILLAGORGONA;DOMINGO;29/01/2023;3:00:00 p. m.
CHOQUE;HERIDOS;CANDELARIA;CANDELARIA;JUEVES;2/02/2023;8:00:00 p. m.
CHOQUE;HERIDOS;CALI-CANDELARIA;EL CARMELO;VIERNES;3/02/2023;7:00:00 a. m.
CHOQUE;HERIDOS;CALI-CANDELARIA;JUANCHITO;VIERNES;3/02/2023;3:00:00 p. m.
CHOQUE;DAÑOS;PUERTOTEJADA-PALMIRA;CANDELARIA;VIERNES;3/02/2023;5:00:00 a. m.
CHOQUE;HERIDOS;PUERTOTEJADA-PALMIRA;CANDELARIA;VIERNES;3/02/2023;5:00:00 a. m.
VOLCAMIENTO;MUERTOS;CALI-CANDELARIA;JUANCHITO;DOMINGO;5/02/2023;8:00:00 a. m.
CHOQUE;HERIDOS;CALI-CANDELARIA;JUANCHITO;DOMINGO;5/02/2023;9:00:00 p. m.
CHOQUE;DAÑOS;VILLARICA-PALMIRA;EL LAURO;JUEVES;9/02/2023;2:00:00 p. m.
CHOQUE;HERIDOS;VILLARICA-PALMIRA;EL LAURO;JUEVES;9/02/2023;3:00:00 p. m.
CHOQUE;HERIDOS;VILLARICA-PALMIRA;CANDELARIA;DOMINGO;12/02/2023;9:00:00 a. m.
CHOQUE;HERIDOS;CALLE 16 CARRERA 42B;JUANCHITO;DOMINGO;12/02/2023;8:00:00 p. m.
VOLCAMIENTO;HERIDOS;CALI-CANDELARIA;EL CARMELO;MIERCOLES;15/02/2023;7:00:00 p. m.
CHOQUE;HERIDOS;CANDELARIA-CALI;CANDELARIA;JUEVES;16/02/2023;9:00:00 a. m.
CHOQUE;HERIDOS;CALI-CANDELARIA;JUANCHITO;VIERNES;17/02/2023;8:00:00 a. m.
CHOQUE;HERIDOS;VILLARICA-PALMIRA;CANDELARIA;VIERNES;24/02/2023;12:00:00 p. m.
CHOQUE;HERIDOS;CALI-CANDELARIA;CANDELARIA;SABADO;25/02/2023;8:00:00 p. m.
CHOQUE;HERIDOS;CALI-CANDELARIA;EL CARMELO;MARTES;28/02/2023;7:00:00 p. m.
VOLCAMIENTO;MUERTOS;CALI-CANDELARIA;CANDELARIA;DOMINGO;5/03/2023;12:00:00 p. m.
CHOQUE;HERIDOS;CALI-CANDELARIA;JUANCHITO;DOMINGO;5/03/2023;8:00:00 p. m.
CHOQUE;HERIDOS;VILLARICA-PALMIRA;EL LAURO;JUEVES;9/03/2023;7:00:00 a. m.
CHOQUE;HERIDOS;CARMELO - SAN JOAQUIN;SAN JOAQUIN;JUEVES;9/03/2023;3:00:00 p. m.
CHOQUE;MUERTOS;VILLARICA-PALMIRA;EL CABUYAL;VIERNES;10/03/2023;11:00:00 p. m.
CHOQUE;HERIDOS;CALI-CANDELARIA;EL CARMELO;VIERNES;10/03/2023;1:00:00 a. m.
CHOQUE;HERIDOS;VILLARICA-PALMIRA;EL ARENAL;VIERNES;24/03/2023;4:00:00 p. m.
VOLCAMIENTO;HERIDOS;VILLARICA-PALMIRA;PUEBLITO VIEJO;LUNES;27/03/2023;3:00:00 p. m.
ATROPELLO;HERIDOS;CR 37, CALLE 14;JUANCHITO;VIERNES;31/03/2023;7:00:00 a. m.
CHOQUE;HERIDOS;CANDELARIA-CALI;JUANCHITO;MIERCOLES;5/04/2023;8:00:00 a. m.
CHOQUE;HERIDOS;CANDELARIA;CANDELARIA;SABADO;8/04/2023;12:00:00 p. m.
CHOQUE;HERIDOS;CALI-CANDELARIA;EL CARMELO;DOMINGO;9/04/2023;11:00:00 a. m.
VOLCAMIENTO;MUERTOS;CALI-CANDELARIA;VILLAGORGONA;MIERCOLES;12/04/2023;8:00:00 p. m.
CHOQUE;HERIDOS;CANDELARIA;CANDELARIA;VIERNES;14/04/2023;10:00:00 p. m.
CHOQUE;HERIDOS;CANDELARIA;CANDELARIA;MARTES;14/04/2023;6:00:00 p. m.
CHOQUE;HERIDOS;CANDELARIA-CALI;JUANCHITO;SABADO;15/04/2023;11:00:00 a. m.
CHOQUE;HERIDOS;CALI-CANDELARIA;VILLAGORGONA;DOMINGO;16/04/2023;2:00:00 p. m.
CHOQUE;HERIDOS;CALI-FLORIDA;LA REGINA;LUNES;17/04/2023;7:00:00 p. m.
CHOQUE;MUERTOS;CALI-FLORIDA;CANDELARIA;SABADO;22/04/2023;4:00:00 a. m.
CHOQUE;HERIDOS;CANDELARIA;CANDELARIA;DOMINGO;23/04/2023;5:00:00 p. m.
CHOQUE;HERIDOS;CALI-CANDELARIA;VILLAGORGONA;MIERCOLES;26/04/2023;7:00:00 a. m.
CHOQUE;HERIDOS;CALI-CANDELARIA;CANDELARIA;VIERNES;28/04/2023;10:00:00 p. m.
VOLCAMIENTO;HERIDOS;SAN JOAQUIN - TIPLE;EL TIPLE;SABADO;6/05/2023;3:00:00 p. m.
VOLCAMIENTO;HERIDOS;CALI-CANDELARIA;JUANCHITO;LUNES;8/05/2023;7:00:00 a. m.
CHOQUE;MUERTOS;CALI-CANDELARIA;EL CARMELO;LUNES;8/05/2023;10:00:00 a. m.
CHOQUE;DAÑOS;CANDELARIA;CANDELARIA;JUEVES;11/05/2023;6:00:00 a. m.
CHOQUE;DAÑOS;CR 37-CALLE 18;JUANCHITO;JUEVES;11/05/2023;9:00:00 a. m.
CHOQUE;HERIDOS;CALI-CANDELARIA;JUANCHITO;LUNES;15/05/2023;12:00:00 p. m.
CHOQUE;HERIDOS;CANDELARIA-CALI;EL CARMELO;MIERCOLES;17/11/2023;5:00:00 p. m.
CHOQUE;HERIDOS;CANDELARIA-CALI;EL CARMELO;SABADO;20/05/2023;11:00:00 p. m.
CAIDA OCUPANTE;HERIDOS;CALI-CANDELARIA;EL CARMELO;SABADO;20/05/2023;4:00:00 a. m.
CHOQUE;HERIDOS;PUERTOTEJADA-PALMIRA;EL CABUYAL;LUNES;22/05/2023;3:00:00 p. m.
CHOQUE;HERIDOS;CANDELARIA-CALI;JUANCHITO;MARTES;23/05/2023;6:00:00 a. m.
CHOQUE;HERIDOS;CANDELARIA-CALI;JUANCHITO;MARTES;23/05/2023;6:00:00 a. m.
CHOQUE;DAÑOS;CALI-CANDELARIA;VILLAGORGONA;MARTES;23/05/2023;3:00:00 p. m.
CHOQUE;HERIDOS;CALI-CANDELARIA;EL CARMELO;MIERCOLES;24/05/2023;6:00:00 p. m.
CHOQUE;HERIDOS;EL CARMELO;EL CARMELO;DOMINGO;28/05/2023;10:00:00 a. m.
CHOQUE;HERIDOS;PUERTOTEJADA-PALMIRA;EL CABUYAL;DOMINGO;28/05/2023;12:00:00 p. m.
CHOQUE;HERIDOS;CANDELARIA-CALI;EL CARMELO;JUEVES;1/06/2023;12:00:00 a. m.
CHOQUE;HERIDOS;CALI-CANDELARIA;JUANCHITO;SABADO;3/06/2023;6:00:00 a. m.
CHOQUE;HERIDOS;POBLADO CAMPESTRE;JUANCHITO;LUNES;5/06/2023;5:00:00 p. m.
CHOQUE;HERIDOS;CALI-CANDELARIA;CANDELARIA;MARTES;7/06/2023;6:00:00 p. m.
CHOQUE;DAÑOS;CALI-CANDELARIA;JUANCHITO;JUEVES;9/06/2023;12:00:00 p. m.
CHOQUE;HERIDOS;CANDELARIA-CALI;JUANCHITO;SABADO;11/06/2023;1:00:00 p. m.
VOLCAMIENTO;DAÑOS;CALI-CANDELARIA;CANDELARIA;DOMINGO;12/06/2023;6:00:00 a. m.
CHOQUE;HERIDOS;CALI-CANDELARIA;VILLAGORGONA;JUEVES;15/06/2023;12:00:00 p. m.
CHOQUE;HERIDOS;CANDELARIA-CALI;JUANCHITO;SABADO;17/06/2023;8:00:00 p. m.
CHOQUE;MUERTOS;CALI-FLORIDA;CANDELARIA;LUNES;19/06/2023;7:00:00 p. m.
CAIDA OCUPANTE;HERIDOS;CR 37 CALLE 14F;JUANCHITO;MARTES;27/06/2023;8:00:00 a. m.
ATROPELLO;MUERTOS;CALI-CANDELARIA;JUANCHITO;MIERCOLES;28/06/2023;5:00:00 a. m.
CHOQUE;HERIDOS;VILLARICA-PALMIRA;CANDELARIA;SABADO;1/07/2023;2:00:00 p. m.
VOLCAMIENTO;HERIDOS;CALI-CANDELARIA;JUANCHITO;DOMINGO;2/07/2023;3:00:00 a. m.
CHOQUE;HERIDOS;CR 37 CON CALLE 15 D;JUANCHITO;DOMINGO;2/07/2023;6:00:00 p. m.
CHOQUE;DAÑOS;CALI-CANDELARIA;VILLAGORGONA;MIERCOLES;5/07/2023;3:00:00 p. m.
CHOQUE;HERIDOS;CANDELARIA-CALI;JUANCHITO;DOMINGO;9/07/2023;9:00:00 a. m.
CHOQUE;HERIDOS;CALI-CANDELARIA;JUANCHITO;VIERNES;14/07/2023;6:00:00 a. m.
CHOQUE;HERIDOS;PALMIRA-VILLARICA;CANDELARIA;VIERNES;14/07/2023;3:00:00 p. m.
CHOQUE;MUERTOS;CALI-CANDELARIA;EL CARMELO;DOMINGO;16/07/2023;10:00:00 p. m.
CHOQUE;HERIDOS;CANDELARIA-PRADERA;CANDELARIA;LUNES;17/07/2023;12:00:00 p. m.
CAIDA OCUPANTE;HERIDOS;CALI-CANDELARIA;EL CARMELO;DOMINGO;16/07/2023;2:00:00 p. m.
CHOQUE;HERIDOS;POBLADO CAMPESTRE;JUANCHITO;DOMINGO;23/07/2022;7:00:00 p. m.
CHOQUE;HERIDOS;FLORIDA-CALI;CANDELARIA;MIERCOLES;19/07/2023;10:00:00 a. m.
ATROPELLO;HERIDOS;CALI-CANDELARIA;JUANCHITO;MIERCOLES;26/07/2023;7:00:00 a. m.
CHOQUE;HERIDOS;CALI-CANDELARIA;CANDELARIA;JUEVES;29/07/2023;5:00:00 p. m.
CHOQUE;HERIDOS;CALLE 12 CON CR 45;JUANCHITO;DOMINGO;30/07/2023;10:00:00 p. m.
CHOQUE;HERIDOS;VILLARICA-PALMIRA;CANDELARIA;MIERCOLES;2/08/2023;5:00:00 p. m.
CHOQUE;MUERTOS;VILLARICA-PALMIRA;EL ARENAL;VIERNES;4/08/2023;6:00:00 p. m.
CHOQUE;HERIDOS;CALI-CANDELARIA;JUANCHITO;DOMINGO;6/08/2023;8:00:00 p. m.
CHOQUE;DAÑOS;CALI-CANDELARIA;VILLAGORGONA;MIERCOLES;9/08/2023;4:00:00 p. m.
CHOQUE;MUERTOS;CALI-CANDELARIA;VILLAGORGONA;JUEVES;10/08/2023;2:00:00 p. m.
CHOQUE;HERIDOS;VILLARICA-PALMIRA;EL ARENAL;SABADO;12/08/2023;6:00:00 p. m.
CHOQUE;MUERTOS;PUERTOTEJADA-PALMIRA;EL LAURO;LUNES;14/08/2023;6:00:00 a. m.
CHOQUE;HERIDOS;CALI-CANDELARIA;JUANCHITO;MARTES;15/08/2023;7:00:00 a. m.
CHOQUE;HERIDOS;CALI-CANDELARIA;JUANCHITO;VIERNES;18/08/2023;6:00:00 p. m.
ATROPELLO;MUERTOS;VILLARICA-PALMIRA;EL ARENAL;DOMINGO;20/08/2023;7:00:00 p. m.
CHOQUE;HERIDOS;CALI-CANDELARIA;JUANCHITO;JUEVES;24/08/2023;2:00:00 a. m.
CHOQUE;HERIDOS;CARRERA 12 CON CALLE 13;CANDELARIA;MARTES;29/08/2023;12:00:00 p. m.
CHOQUE;HERIDOS;CANDELARIA-CALI;JUANCHITO;VIERNES;1/09/2023;1:00:00 p. m.
CHOQUE;HERIDOS;CARRERA 36 CON CALLE 16C;JUANCHITO;DOMINGO;3/09/2023;2:00:00 p. m.
CHOQUE;HERIDOS;CALI-FLORIDA;CANDELARIA;MIERCOLES;6/09/2023;12:00:00 p. m.
CHOQUE;HERIDOS;CALI-CANDELARIA;VILLAGORGONA;VIERNES;8/09/2023;8:00:00 p. m.
CHOQUE;HERIDOS;CARRERA 10;VILLAGORGONA;MIERCOLES;13/09/2023;12:00:00 p. m.
ATROPELLO;HERIDOS;CALI-FLORIDA;CANDELARIA;VIERNES;15/09/2023;6:00:00 a. m.
CHOQUE;MUERTOS;CALI-FLORIDA;CANDELARIA;SABADO;16/09/2023;5:00:00 a. m.
CHOQUE;HERIDOS;CALI-CANDELARIA;JUANCHITO;SABADO;16/09/2023;9:00:00 p. m.
CHOQUE;HERIDOS;CALI-FLORIDA;LA REGINA;VIERNES;15/09/2023;4:50:00 p. m.
CHOQUE;HERIDOS;CALI-CANDELARIA;VILLAGORGONA;MIERCOLES;20/09/2023;5:00:00 p. m.
CHOQUE;HERIDOS;CANDELARIA;CANDELARIA;LUNES;25/09/2023;4:00:00 p. m.
CHOQUE;HERIDOS;CANDELARIA-PALMIRA;CANDELARIA;LUNES;25/09/2023;6:00:00 a. m.
ATROPELLO;HERIDOS;VILLARICA-PALMIRA;CANDELARIA;JUEVES;28/09/2023;5:00:00 a. m.
CHOQUE;HERIDOS;EL CARMELO;EL CARMELO;DOMINGO;1/10/2023;2:00:00 a. m.
CHOQUE;DAÑOS;CALI-CANDELARIA;JUANCHITO;DOMINGO;1/10/2023;3:00:00 a. m.
VOLCAMIENTO;HERIDOS;CANDELARIA-CALI;JUANCHITO;LUNES;2/10/2023;1:00:00 p. m.
CHOQUE;HERIDOS;CANDELARIA-CALI;JUANCHITO;JUEVES;5/10/2023;5:00:00 a. m.
CHOQUE;DAÑOS;VILLARICA-PALMIRA;EL LAURO;DOMINGO;8/10/2023;6:00:00 p. m.
CHOQUE;HERIDOS;CANDELARIA-CALI;CANDELARIA;LUNES;9/10/2023;9:15:00 a. m.
CHOQUE;HERIDOS;PALMIRA-VILLARICA;EL LAURO;MARTES;10/10/2023;12:00:00 p. m.
CHOQUE;HERIDOS;CALI-CANDELARIA;CANDELARIA;MARTES;10/10/2023;5:00:00 p. m.
CHOQUE;HERIDOS;CALI-CANDELARIA;JUANCHITO;MIERCOLES;11/10/2023;9:00:00 p. m.
CHOQUE;HERIDOS;CALI-CANDELARIA;JUANCHITO;VIERNES;13/10/2023;6:00:00 a. m.
CHOQUE;HERIDOS;CANDELARIA-CALI;VILLAGORGONA;DOMINGO;15/10/2023;9:00:00 a. m.
VOLCAMIENTO;MUERTOS;CANDELARIA-PRADERA;CANDELARIA;DOMINGO;15/10/2023;9:00:00 a. m.
CHOQUE;MUERTOS;EL CARMELO - TIPLE;EL CARMELO;DOMINGO;15/10/2023;2:00:00 p. m.
VOLCAMIENTO;MUERTOS;VILLARICA-PALMIRA;CANDELARIA;MARTES;17/10/2023;2:00:00 a. m.
CHOQUE;HERIDOS;CANDELARIA-CALI;VILLAGORGONA;MIERCOLES;18/10/2023;8:00:00 a. m.
CHOQUE;HERIDOS;CANDELARIA-CALI;JUANCHITO;DOMINGO;22/10/2023;1:00:00 p. m.
CHOQUE;HERIDOS;VILLARICA-PALMIRA;EL CABUYAL;DOMINGO;22/10/2023;7:00:00 p. m.
CHOQUE;HERIDOS;CARRERA 35D CON CALLE 14;JUANCHITO;DOMINGO;22/10/2023;6:00:00 p. m.
VOLCAMIENTO;MUERTOS;PALMIRA-VILLARICA;EL LAURO;MIERCOLES;25/10/2023;5:00:00 p. m.
CHOQUE;MUERTOS;PALMIRA-VILLARICA;LA ARGENTINA;VIERNES;27/10/2023;5:00:00 a. m.
CHOQUE;HERIDOS;CANDELARIA-CALI;JUANCHITO;VIERNES;27/10/2023;6:00:00 p. m.
VOLCAMIENTO;MUERTOS;CANDELARIA;LA REGINA;LUNES;30/10/2023;9:00:00 a. m.
CHOQUE;HERIDOS;CANDELARIA-CALI;JUANCHITO;MARTES;31/10/2023;2:00:00 p. m.
CHOQUE;HERIDOS;CALI-CANDELARIA;JUANCHITO;MIERCOLES;1/11/2023;4:00:00 p. m.
CHOQUE;MUERTOS;PALMIRA-VILLARICA;EL CABUYAL;JUEVES;2/11/2023;2:00:00 p. m.
N/A;MUERTOS;VILLARICA-PALMIRA;CANDELARIA;JUEVES;2/11/2023;5:00:00 p. m.
CHOQUE;MUERTOS;CARRERA 37 CALLE 16;JUANCHITO;DOMINGO;5/11/2023;11:00:00 p. m.
CHOQUE;HERIDOS;VILLARICA-PALMIRA;CANDELARIA;MARTES;7/11/2023;6:00:00 p. m.
CHOQUE;HERIDOS;CALI-CANDELARIA;JUANCHITO;LUNES;27/11/2023;6:00:00 p. m.
CHOQUE;HERIDOS;VILLARICA-PALMIRA;EL CABUYAL;VIERNES;10/11/2023;1:00:00 p. m.
CHOQUE;DAÑOS;CALI-CANDELARIA;JUANCHITO;SABADO;18/11/2023;4:00:00 a. m.
ATROPELLO;HERIDOS;CANDELARIA-CALI;EL CARMELO;SABADO;18/11/2023;7:00:00 p. m.
CHOQUE;HERIDOS;CALI-CANDELARIA;EL CARMELO;LUNES;1/07/2024;5:00:00 p. m.
CHOQUE;HERIDOS;CALI-CANDELARIA;VILLAGORGONA;DOMINGO;26/11/2023;10:00:00 a. m.
CHOQUE;HERIDOS;CALI-CANDELARIA;JUANCHITO;SABADO;25/11/2023;7:00:00 p. m.
CHOQUE;MUERTOS;VILLARICA-PALMIRA;EL CABUYAL;DOMINGO;26/11/2023;6:00:00 p. m.
CHOQUE;HERIDOS;CR 30 OESTE CALLE 11;JUANCHITO;VIERNES;2/12/2023;5:00:00 p. m.
CHOQUE;HERIDOS;CALI-CANDELARIA;JUANCHITO;LUNES;5/12/2023;8:00:00 a. m.
CHOQUE;HERIDOS;CALI-CANDELARIA;JUANCHITO;JUEVES;7/12/2023;12:00:00 a. m.
CHOQUE;HERIDOS;VILLARICA-PALMIRA;EL CABUYAL;VIERNES;8/12/2023;3:00:00 a. m.
VOLCAMIENTO;HERIDOS;PALMIRA - VILLARICA;CANDELARIA;SABADO;9/12/2023;6:00:00 a. m.
CHOQUE;HERIDOS;CALI-CANDELARIA;JUANCHITO;LUNES;11/12/2023;1:00:00 p. m.
CHOQUE;HERIDOS;CALI-CANDELARIA;JUANCHITO;LUNES;11/12/2023;4:00:00 p. m.
VOLCAMIENTO;DAÑOS;PALMIRA-VILLARICA;CANDELARIA;MARTES;12/12/2023;11:00:00 p. m.
CHOQUE;HERIDOS;VILLARICA-PALMIRA;EL CABUYAL;VIERNES;15/12/2023;3:00:00 p. m.
VOLCAMIENTO;DAÑOS;CALLE 11 CON CR 4;CANDELARIA;VIERNES;15/12/2023;7:00:00 p. m.
CHOQUE;HERIDOS;CALI-CANDELARIA;JUANCHITO;SABADO;16/12/2023;3:00:00 a. m.
CHOQUE;HERIDOS;VILLAGORGONA;VILLAGORGONA;MIERCOLES;20/12/2023;10:00:00 p. m.
CHOQUE;MUERTOS;VILLARICA-PALMIRA;EL LAURO;JUEVES;21/12/2023;12:00:00 p. m.
CHOQUE;HERIDOS;CALI-CANDELARIA;JUANCHITO;JUEVES;21/12/2023;10:00:00 a. m.
ATROPELLO;HERIDOS;CANDELARIA;CANDELARIA;JUEVES;21/12/2023;7:00:00 p. m.
CHOQUE;HERIDOS;CALI-FLORIDA;CANDELARIA;LUNES;25/12/2023;1:00:00 a. m.
CHOQUE;HERIDOS;PALMIRA-VILLARICA;EL ARENAL;LUNES;29/12/2023;2:00:00 a. m.
CHOQUE;HERIDOS;CALI-FLORIDA;LA COLOMBIANA;MARTES;2/01/2024;11:00:00 a. m.
CHOQUE;HERIDOS;CALI-CANDELARIA;POBLADO CAMPESTRE;MARTES;2/01/2024;8:00:00 p. m.
CHOQUE;HERIDOS;CALI-PRADERA;ING. MAYAGUEZ;MIERCOLES;1/01/2024;5:00:00 a. m.
CHOQUE;MUERTOS;PALMIRA-VILLARICA;PARRAGA;SABADO;6/01/2024;2:00:00 a. m.
CHOQUE;HERIDOS;CR 14 CON CALLE 20;VILLAGORGONA;SABADO;6/01/2024;4:00:00 p. m.
CHOQUE;HERIDOS;CALI-FLORIDA;EL CRUCERO;DOMINGO;7/01/2024;1:00:00 a. m.
CHOQUE;MUERTOS;CALI-CANDELARIA;EL ARENAL;LUNES;8/01/2024;5:00:00 a. m.
CHOQUE;HERIDOS;VILLARICA-PALMIRA;EL LAURO;MIERCOLES;10/01/2024;10:00:00 a. m.
CHOQUE;MUERTOS;VILLARICA-PALMIRA;EL UVAL;MIERCOLES;10/01/2024;3:00:00 p. m.
VOLCAMIENTO;HERIDOS;EL CARMELO;EL CARMELO;DOMINGO;14/01/2024;12:00:00 a. m.
CHOQUE;HERIDOS;CANDELARIA-CALI;POBLADO CAMPESTRE;LUNES;15/01/2024;5:00:00 a. m.
CHOQUE;HERIDOS;VILLARICA-PALMIRA;EL ARENAL;JUEVES;18/01/2024;5:00:00 a. m.
CHOQUE;HERIDOS;PALMIRA-VILLARICA;EL CABUYAL;SABADO;20/01/2024;6:00:00 p. m.
CHOQUE;HERIDOS;FLORIDA-CALI;EL CRUCERO;DOMINGO;28/01/2024;1:00:00 p. m.
CHOQUE;HERIDOS;CALI-CANDELARIA;EL CRUCERO;DOMINGO;28/01/2024;7:00:00 p. m.
VOLCAMIENTO;DAÑOS;VILLARICA-PALMIRA;EL UVAL;MARTES;16/01/2024;1:00:00 a. m.
CHOQUE;MUERTOS;PALMIRA-VILLARICA;EL CABUYAL;MARTES;30/01/2024;1:00:00 p. m.
CHOQUE;HERIDOS;CALI-CANDELARIA;JUANCHITO;DOMINGO;4/02/2024;8:00:00 p. m.
CHOQUE;HERIDOS;PALMIRA-VILLARICA;EL CABUYAL;MARTES;6/02/2024;5:00:00 a. m.
CHOQUE;HERIDOS;VILLAGORGONA;VILLAGORGONA;JUEVES;8/02/2024;5:30:00 p. m.
CHOQUE;HERIDOS;CR 37 CON CALLE 22;POBLADO CAMPESTRE;DOMINGO;11/02/2024;12:00:00 p. m.
CHOQUE;HERIDOS;POBLADO CAMPESTRE;POBLADO CAMPESTRE;DOMINGO;11/02/2024;8:00:00 p. m.
CHOQUE;HERIDOS;PALMIRA-VILLARICA;PARRAGA;DOMINGO;11/02/2024;8:00:00 p. m.
CHOQUE;HERIDOS;CALI-FLORIDA;LA ALIANZA;MARTES;13/02/2024;1:00:00 p. m.
ATROPELLO;HERIDOS;CANDELARIA-CALI;EL CARMELO;JUEVES;15/02/2024;12:00:00 p. m.
CHOQUE;HERIDOS;CANDELARIA-CALI;JUANCHITO;VIERNES;16/02/2024;4:00:00 p. m.
CHOQUE;HERIDOS;VILLAGORGONA;VILLAGORGONA;DOMINGO;18/02/2024;8:00:00 a. m.
CHOQUE;DAÑOS;CALLE 94;JUANCHITO;LUNES;19/02/2024;5:00:00 p. m.
CHOQUE;HERIDOS;CALI-CANDELARIA;DOMINGO LARGO;MARTES;20/02/2024;6:00:00 a. m.
OTRO;HERIDOS;CALI-CANDELARIA;EL CARMELO;JUEVES;22/02/2024;8:00:00 a. m.
CHOQUE;HERIDOS;CABECERA-CANDELARIA;CABECERA-CANDELARIA;SABADO;24/02/2024;11:00:00 p. m.
CHOQUE;HERIDOS;CALI-CANDELARIA;POBLADO CAMPESTRE;LUNES;26/02/2024;8:00:00 a. m.
CHOQUE;HERIDOS;CABECERA-CANDELARIA;CABECERA-CANDELARIA;MARTES;27/02/2024;12:00:00 p. m.
CHOQUE;MUERTOS;PUERTO TEJADA - CANDELARIA;EL CABUYAL;MIERCOLES;28/02/2024;7:00:00 a. m.
CHOQUE;HERIDOS;CANDELARIA-CALI;JUANCHITO;MIERCOLES;6/03/2024;6:00:00 a. m.
CHOQUE;HERIDOS;CABECERA-CANDELARIA;CABECERA-CANDELARIA;DOMINGO;10/03/2024;7:00:00 a. m.
CHOQUE;HERIDOS;CALI-CANDELARIA;JUANCHITO;LUNES;11/03/2024;5:00:00 p. m.
CHOQUE;HERIDOS;CALI-CANDELARIA;JUANCHITO;MARTES;12/03/2024;6:00:00 p. m.
CHOQUE;HERIDOS;CANDELARIA-PALMIRA;EL LAURO;MARTES;12/03/2024;7:00:00 p. m.
CHOQUE;DAÑOS;CALI-CANDELARIA;EL CARMELO;MIERCOLES;13/03/2024;4:00:00 a. m.
ATROPELLO;HERIDOS;CALLE 14 - MANZANARES;POBLADO CAMPESTRE;JUEVES;14/03/2024;6:00:00 a. m.
CHOQUE;HERIDOS;VILLARICA-PALMIRA;EL CABUYAL;JUEVES;14/03/2024;12:00:00 p. m.
CHOQUE;HERIDOS;PALMIRA-VILLARICA;EL LAURO;JUEVES;14/03/2024;6:00:00 p. m.
CHOQUE;HERIDOS;CANDELARIA-CALI;DOMINGO LARGO;JUEVES;14/03/2024;10:00:00 p. m.
ATROPELLO;HERIDOS;CALLE 20 ENTRE CR 35C Y 36;POBLADO CAMPESTRE;VIERNES;15/03/2024;2:00:00 p. m.
CHOQUE;MUERTOS;CANDELARIA-CALI;EL CARMELO;LUNES;25/03/2024;2:00:00 a. m.
CHOQUE;HERIDOS;CANDELARIA-CALI;EL CARMELO;DOMINGO;17/03/2024;7:00:00 a. m.
CHOQUE;HERIDOS;CALI-CANDELARIA;EL CARMELO;LUNES;18/03/2024;3:00:00 p. m.
CHOQUE;HERIDOS;PUERTO TEJADA - PALMIRA;PROVENZA;MIERCOLES;20/03/2024;6:00:00 p. m.
CHOQUE;HERIDOS;CALI-CANDELARIA;EL CRUCERO;VIERNES;22/03/2024;3:00:00 p. m.
CHOQUE;MUERTOS;CANDELARIA-CALI;JUANCHITO;DOMINGO;24/03/2024;9:00:00 p. m.
CHOQUE;MUERTOS;CALI-CANDELARIA;VILLAGORGONA;LUNES;25/03/2024;3:00:00 p. m.
CHOQUE;HERIDOS;CALI-FLORIDA;EL CRUCERO;DOMINGO;30/03/2024;6:00:00 p. m.
CHOQUE;HERIDOS;CANDELARIA-CALI;EL CARMELO;LUNES;1/04/2024;6:00:00 a. m.
CHOQUE;HERIDOS;CANDELARIA-CALI;VILLAGORGONA;LUNES;1/04/2024;4:00:00 p. m.
CHOQUE;MUERTOS;CANDELARIA-CALI;EL CRUCERO;MARTES;9/04/2024;5:00:00 a. m.
ATROPELLO;HERIDOS;VILLARICA-PALMIRA;EL CABUYAL;SABADO;13/04/2024;6:00:00 a. m.
CHOQUE;MUERTOS;CANDELARIA-CALI;SAN JUAN;SABADO;13/04/2024;6:00:00 a. m.
CHOQUE;HERIDOS;VILLARICA-PALMIRA;ZAINERAS;MIERCOLES;10/04/2024;7:00:00 p. m.
CHOQUE;HERIDOS;PALMIRA-VILLARICA;EL ARENAL;MIERCOLES;17/04/2024;5:00:00 a. m.
CHOQUE;HERIDOS;PALMIRA-VILLARICA;EL CABUYAL;MIERCOLES;17/04/2024;7:00:00 a. m.
ATROPELLO;MUERTOS;CALI-CANDELARIA;EL CARMELO;SABADO;20/04/2024;8:00:00 p. m.
CHOQUE;HERIDOS;CALI-CANDELARIA;POBLADO CAMPESTRE;JUEVES;25/04/2024;11:00:00 a. m.
CHOQUE;MUERTOS;VILLARICA-PALMIRA;EL ARENAL;DOMINGO;28/04/2024;1:00:00 p. m.
ATROPELLO;HERIDOS;VILLAGORGONA-BUCHITOLO;VILLAGORGONA;LUNES;29/04/2024;12:00:00 a. m.
CHOQUE;HERIDOS;CANDELARIA-CALI;DOMINGO LARGO;MARTES;30/04/2024;2:00:00 p. m.
CHOQUE;HERIDOS;CALI-CANDELARIA;JUANCHITO;VIERNES;3/05/2024;6:00:00 a. m.
CHOQUE;HERIDOS;CANDELARIA-PALMIRA;CANDELARIA;VIERNES;3/05/2024;5:00:00 p. m.
CHOQUE;MUERTOS;SAN JOAQUIN - EL TIPLE;EL CARMELO;LUNES;6/05/2024;2:00:00 p. m.
CHOQUE;HERIDOS;PALMIRA-VILLARICA;PROVENZA;MARTES;7/05/2024;5:00:00 p. m.
CHOQUE;HERIDOS;CALI-CANDELARIA;EL CRUCERO;JUEVES;9/05/2024;9:00:00 p. m.
CHOQUE;DAÑOS;CANDELARIA-CALI;JUANCHITO;VIERNES;10/05/2024;5:00:00 p. m.
CHOQUE;HERIDOS;CANDELARIA-CALI;EL CARMELO;JUEVES;16/05/2024;8:00:00 a. m.
CHOQUE;HERIDOS;CALI-CANDELARIA;POBLADO CAMPESTRE;MARTES;14/05/2024;11:00:00 a. m.
CHOQUE;MUERTOS;VILLARICA-PALMIRA;EL LAURO;MARTES;14/05/2024;9:00:00 p. m.
CHOQUE;HERIDOS;VILLAGORGONA;VILLAGORGONA;JUEVES;16/05/2024;5:00:00 p. m.
CHOQUE;HERIDOS;PALMIRA-VILLARICA;TURIN;VIERNES;17/05/2024;8:00:00 p. m.
CHOQUE;HERIDOS;CALI-FLORIDA;LA COLOMBIANA;SABADO;25/05/2024;10:00:00 p. m.
CHOQUE;HERIDOS;VILLAGORGONA;VILLAGORGONA;DOMINGO;26/05/2024;10:00:00 a. m.
ATROPELLO;HERIDOS;CANDELARIA-CALI;VILLAGORGONA;SABADO;25/05/2024;1:00:00 a. m.
CHOQUE;DAÑOS;CANDELARIA-CALI;DOMINGO LARGO;MARTES;28/05/2024;7:00:00 a. m.
ATROPELLO;HERIDOS;ESTACION DE POLICIA GORGONA;VILLAGORGONA;VIERNES;31/05/2024;4:00:00 p. m.
CHOQUE;HERIDOS;CALI-CANDELARIA;JUANCHITO;SABADO;18/05/2024;7:00:00 p. m.
CHOQUE;HERIDOS;CALI-CANDELARIA;EL CARMELO;DOMINGO;19/05/2024;4:00:00 a. m.
CHOQUE;HERIDOS;CALLE 23 CR 12;POBLADO CAMPESTRE;MARTES;7/05/2024;3:00:00 p. m.
CHOQUE;MUERTOS;CANDELARIA-PALMIRA;PROVENZA;MARTES;4/06/2024;2:00:00 p. m.
CHOQUE;HERIDOS;CABECERA-CANDELARIA;CABECERA-CANDELARIA;JUEVES;6/06/2024;3:00:00 p. m.
CHOQUE;HERIDOS;PUERTOTEJADA-CANDELARIA;EL TRIUNFO;JUEVES;20/06/2024;6:00:00 a. m.
CHOQUE;HERIDOS;CALI-CANDELARIA;EL CRUCERO;VIERNES;14/06/2024;4:00:00 a. m.
ATROPELLO;MUERTOS;VILLARICA-PALMIRA;PARRAGA;MARTES;11/06/2024;6:00:00 p. m.
CHOQUE;HERIDOS;CANDELARIA-CALI;EL CARMELO;MIERCOLES;12/06/2024;9:00:00 a. m.
CHOQUE;HERIDOS;CALI-CANDELARIA;VILLAGORGONA;DOMINGO;16/06/2024;8:00:00 p. m.
CHOQUE;DAÑOS;VILLARICA-PALMIRA;CANDELARIA;MIERCOLES;19/06/2024;2:00:00 p. m.
CHOQUE;HERIDOS;CALI-CANDELARIA;JUANCHITO;DOMINGO;23/06/2024;2:00:00 p. m.
CHOQUE;HERIDOS;CALI-CANDELARIA;JUANCHITO;SABADO;22/06/2024;11:00:00 p. m.
CHOQUE;HERIDOS;FLORIDA-CALI;EL CRUCERO;VIERNES;28/06/2024;5:00:00 p. m.
CHOQUE;DAÑOS;SAN JOAQUIN - EL TIPLE;EL TIPLE;MIERCOLES;26/06/2024;8:00:00 a. m.
VOLCAMIENTO;HERIDOS;LA COLOMBIANA;LA COLOMBIANA;DOMINGO;30/06/2024;2:00:00 a. m.
CHOQUE;HERIDOS;VILLARICA-PALMIRA;EL LAURO;MARTES;2/07/2024;5:00:00 a. m.
CHOQUE;HERIDOS;CALI-CANDELARIA;JUANCHITO;MARTES;2/07/2024;7:00:00 a. m.
CHOQUE;HERIDOS;CALI-CANDELARIA;EL CRUCERO;MIERCOLES;3/07/2024;7:00:00 p. m.
CHOQUE;HERIDOS;CR 14 CALLE 21;VILLAGORGONA;SABADO;6/07/2024;2:00:00 p. m.
CHOQUE;HERIDOS;VILLARICA-PALMIRA;CABECERA-CANDELARIA;DOMINGO;7/07/2024;5:00:00 a. m.
CHOQUE;MUERTOS;CALI-CANDELARIA;JUANCHITO;LUNES;8/07/2024;12:00:00 p. m.
CHOQUE;HERIDOS;CALI-FLORIDA;LA REGINA;SABADO;20/07/2024;8:00:00 p. m.
ATROPELLO;HERIDOS;CANDELARIA-CALI;JUANCHITO;SABADO;13/07/2024;2:00:00 p. m.
CHOQUE;HERIDOS;CALI-CANDELARIA;JUANCHITO;SABADO;13/07/2024;10:00:00 p. m.
CHOQUE;HERIDOS;CALI-CANDELARIA;EL CARMELO;LUNES;15/07/2024;12:00:00 p. m.
CHOQUE;MUERTOS;CALI-CANDELARIA;EL CARMELO;DOMINGO;21/07/2024;10:00:00 p. m.
CHOQUE;HERIDOS;CABECERA-CANDELARIA;CABECERA-CANDELARIA;MARTES;23/07/2024;3:00:00 p. m.
CHOQUE;HERIDOS;CABECERA-CANDELARIA;CABECERA-CANDELARIA;SABADO;27/07/2024;12:00:00 a. m.
CHOQUE;MUERTOS;CALI-FLORIDA;CANDELARIA;SABADO;31/07/2024;12:00:00 a. m.
ATROPELLO;HERIDOS;CARRERA 10 CALLE 14;VILLAGORGONA;JUEVES;1/08/2024;9:00:00 a. m.
CHOQUE;MUERTOS;CALI-FLORIDA;LA REGINA;VIERNES;2/08/2024;5:00:00 p. m.
CHOQUE;HERIDOS;CALI-FLORIDA;LA REGINA;SABADO;3/08/2024;4:00:00 a. m.
VOLCAMIENTO;MUERTOS;CANDELARIA-CALI;VILLAGORGONA;MIERCOLES;7/08/2024;5:00:00 p. m.
CHOQUE;HERIDOS;PALMIRA-VILLARICA;CABECERA-CANDELARIA;MIERCOLES;14/08/2024;2:00:00 p. m.
CHOQUE;HERIDOS;CALLE 16 CR 2;VILLAGORGONA;VIERNES;16/08/2024;4:00:00 p. m.
CHOQUE;HERIDOS;CALI-CANDELARIA;JUANCHITO;MARTES;20/08/2024;6:00:00 p. m.
CHOQUE;HERIDOS;CALI-CANDELARIA;VILLAGORGONA;MIERCOLES;21/08/2024;6:00:00 a. m.
CHOQUE;HERIDOS;CANDELARIA-CALI;JUANCHITO;MIERCOLES;21/08/2024;7:00:00 a. m.
CHOQUE;HERIDOS;CANDELARIA-CALI;JUANCHITO;DOMINGO;25/08/2024;3:00:00 a. m.
ATROPELLO;HERIDOS;CARRERA 6 CALLE 8-81;CABECERA-CANDELARIA;LUNES;26/08/2024;7:00:00 p. m.
CHOQUE;HERIDOS;CR 12 CALLE 5;CABECERA-CANDELARIA;MARTES;27/08/2024;12:00:00 a. m.
CHOQUE;HERIDOS;CALI-CANDELARIA;POBLADO CAMPESTRE;MIERCOLES;28/08/2024;12:00:00 a. m.
CHOQUE;HERIDOS;FLORIDA-CALI;EL CARMELO;MIERCOLES;28/08/2024;12:00:00 a. m.
CHOQUE;MUERTOS;CANDELARIA-CALI;EL CARMELO;VIERNES;30/08/2024;3:00:00 p. m.
VOLCAMIENTO;HERIDOS;FLORIDA-CALI;EL CRUCERO;SABADO;31/08/2024;1:00:00 a. m.
ATROPELLO;HERIDOS;CANDELARIA-CALI;VILLAGORGONA;DOMINGO;1/09/2024;3:00:00 a. m.
CHOQUE;HERIDOS;CANDELARIA-CALI;JUANCHITO;MIERCOLES;4/09/2024;9:00:00 a. m.
CHOQUE;HERIDOS;CALI-CANDELARIA;JUANCHITO;VIERNES;13/09/2024;6:00:00 p. m.
CHOQUE;MUERTOS;CANDELARIA-CALI;VILLAGORGONA;MARTES;17/09/2024;3:00:00 a. m.
CHOQUE;HERIDOS;CANDELARIA-CALI;EL CARMELO;LUNES;16/09/2024;2:00:00 p. m.
CHOQUE;HERIDOS;CANDELARIA-CALI;JUANCHITO;MIERCOLES;25/09/2024;6:00:00 a. m.
CHOQUE;HERIDOS;CR 12A  - CALLE 21A;VILLAGORGONA;DOMINGO;29/09/2024;8:00:00 a. m.
CHOQUE;HERIDOS;VILLARICA-PALMIRA;EL LAURO;MARTES;1/10/2024;12:00:00 p. m.
ATROPELLO;HERIDOS;CANDELARIA-CALI;VILLAGORGONA;MIERCOLES;2/10/2024;5:00:00 a. m.
CHOQUE;HERIDOS;CALI-CANDELARIA;EL CARMELO;VIERNES;4/10/2024;1:00:00 p. m.
CHOQUE;HERIDOS;CARRERA 9 FRENTE AL # 16-7;VILLAGORGONA;JUEVES;3/10/2024;6:00:00 a. m.
CHOQUE;HERIDOS;CALI-CANDELARIA;EL CRUCERO;SABADO;5/10/2024;9:00:00 a. m.
CHOQUE;MUERTOS;CALI-CANDELARIA;EL CARMELO;LUNES;7/10/2024;6:00:00 a. m.
CHOQUE;HERIDOS;FLORIDA-CALI;CANDELARIA;JUEVES;17/10/2024;8:00:00 a. m.
CHOQUE;HERIDOS;CANDELARIA-CALI;JUANCHITO;SABADO;19/10/2024;9:00:00 p. m.
CHOQUE;HERIDOS;CALI-CANDELARIA;VILLAGORGONA;MARTES;22/10/2024;6:00:00 a. m.
ATROPELLO;HERIDOS;CALLE 17 CR 12A;VILLAGORGONA;LUNES;21/10/2024;6:00:00 p. m.
